14043.519165721706,复旦177名学生联名为投毒者说情，冠冕堂皇的号称“愿替死者尽孝道”，何其虚伪！真有那份心，投毒者免不免死，你们都要“愿替死者尽孝道”，你们现在尽过孝道了没有，你们准备什么时候“替死者尽孝道”？投毒者不免死，你们这孝道就不尽了是吗？,0
13315.618903017003,#复旦学生联名为投毒者求情# 去年4月发生的“复旦投毒案”造成的社会影响至今仍未散去，如今此案已进入二审程序。此时，复旦177名学生却联名为投毒者林森浩求情，请求法院给他一个重新做人的机会。受害人父亲称不接受学生请求信内容，但也不认同“林森浩不是一个极为凶残的人”。此事你怎么看？,1
12134.597704459202,#复旦学生联名为投毒者求情#其实我在可怜投毒者的同时，我又在鄙视其联名者？因为你们既然可怜投毒者，那你们为何还要此人付出深刻的教训？难道只是为了给他、给世人一个教育的平台，我看不见得，肯定还会有其它的什么原因。,0
11987.342630601403,【复旦学子为投毒者求情 网友：是践踏法律】#微争鸣#【复旦学子为投毒者求情七成网友认为是对法律不尊重】复旦177名学生为复旦投毒案被告林森浩求情免死。人民微博发起争鸣讨论，在近630名网友投票中，77%的网友认为，学生求情免死行为是“不懂法... http://163.fm/RerySb4,0
11586.789618268996,【复旦投毒案：177学子联名为投毒者林森浩求情】收藏了 //【复旦投毒案：177学子联名为投毒者林森浩求情】http://url.cn/KsLpdh  (分享自 #今日头条#) (分享自 @Qzone) http://url.cn/KsLpdh,9
10914.721575481399,【复旦177学生为投毒者求免死 死者父亲拒接受】故意杀人 能不死吗 //【复旦177学生为投毒者求免死 死者父亲拒接受】http://url.cn/QhbN2Y  (分享自 #今日头条#) (分享自 @Qzone) http://url.cn/QhbN2Y,17
10886.056258549599,【视频复旦177名学生为投毒者求免死 死者父亲拒接受 中原午报 140508—在线播放—优酷网，视频高清在线观看】复旦177名学生为投毒者求免死 死者父亲拒接受 中原午报 140508   http://t.cn/8sexCar （分享自 @优酷网）,1
10886.056258549599,【复旦177学生为投毒者求免死 死者父亲拒接受】【复旦177学生为投毒者求免死 死者父亲拒接受】(分享自 #今日头条#)我想了一下，177人，如果黄洋死的是你的亲人，你们就不会验名了， http://url.cn/M5qrXa  (分享自 @Qzone) http://url.cn/RBEWP1,0
10717.445849724205,|| @yy307058633: #复旦学生联名为投毒者求情# /抠鼻复旦177学生为“投毒案”被告人求情：给条生路】日前，由复旦大学177名学生联合签名的，建议给被告人林森浩一条生路，让他洗心革面，并在将来照顾受害人黄洋的父母这样都可以么？ /吐。签名的同学们让你们的儿子被杀之后原谅凶手你们愿意么？,1
10559.1373271101,令人发指的“复旦投毒案”，经过一年来的侦查、审理，总算有了初步结论，投毒者一审被判处死刑，让人看到了正义。不承料想，刚进入二审程序，便有177名复旦大学生联名上书上海高院，请求放投毒者一条生路。在笔者看来，复旦学子的这份“请求信”，暴露出法治教育的缺失。,0
10478.112426785601,对《复旦177名学生为投毒者求免死 死者父亲拒接受》评论：“投毒案比激情杀人更无耻更卑劣更下作更恶毒，如果投毒杀人可以免死，还有什么不可以免死？？复旦这些学生我看是非不分了！！” http://163.fm/CTwq0nX http://126.fm/4Ciu7D,0
10240.888476872999,对《复旦177名学生为投毒者求免死 死者父亲拒接受》评论：“凡是潮笑复旦学生建议的，都是一群只知道以血还血、以牙还牙的暴徒，都是比投毒者更残酷的暴徒！” http://163.fm/BgX4ks8,0
10124.704950473999,【复旦学生为投毒者求情折射高等教育失败】原标题：复旦学子联名上书是感情冲昏了理智 2月18日，复旦投毒案被告人林森浩一审被判死刑。一审判决之后，复旦177名学生签署请求信，请求法院不要判林森浩同学死刑立即执行。4月20日，部分学生又向... http://163.fm/MNkyjXp,1
10107.302431806203,有人如果把你毒死你希望害你的人被判无期吗？ || @林雨笙！:未构成多数人中毒、、投毒目标锁定、更没造成其他伤害、判无期吧！  || #我在看新闻# 《复旦百名学生为投毒者求情》 林森浩在饮水机投毒致室友死亡，177名学生求给其生路。 http://url.cn/K33Hau,0
10066.958509731901,【复旦177学生为投毒者求免死 死者父亲拒】图为被告人在法庭上。 2月18日，复旦投毒案被告人林森浩一审被判死刑。一审判决之后，复旦177名学生签署请求信，请求法院不要判林森浩同学死刑立即执行。受害者黄洋的父亲表示并不接受请求信的内容。上... http://163.fm/SoxgbUq,9
9936.750942042801,这是嫌投毒者死得不够快的节奏啊。从现有的报道来看，投毒者没有表现出一丝的歉意。这177名孵蛋学子脑袋被们夹了吧。复旦177名学子联名写信为投毒案凶手求情  （分享自 @新浪新闻） http://t.cn/8sgUOTF,0
9756.2793069272,这177名大学生是想干嘛呀？读书读那么多有屁用，竟然为一个投毒的同学求情，难道你们是帮凶么？任何人都要为他所犯的错负责任，死刑立即执行是对他最好的惩罚，说再多没用的。还是理智点吧学生们 ||#我在看新闻# 复旦177名学生联名为投毒者求情 死者父亲拒接受http://url.cn/LJP2Bb,0
9733.802069226702,复旦177名学生签名请求给投毒案凶手一条生路】 去年，复旦大学投毒案引来众多市民关注。今年，林森浩因故意杀人，被判处死刑、剥夺政治权利终身。之后，被告人林森浩委托辩护律师，正式提起上诉，上海市高院将开庭审理林森浩上诉案。复旦投毒案进入二审程序。 而近日，由复旦大学177名学生联合... http://163.fm...,0
9648.884462730999,#复旦学生联名为投毒者求情# #复旦学生联名为投毒者求情#,0
9537.348804815603,看到117名同学为投毒者求情我觉得莫名的愤怒，还是中国的精英高才生，你们有没试想过如果受害人是你或者是你的亲人，您们或你们的亲人谁能承受这个事实？谁能回答我？ //【复旦投毒案：177学子联名为投毒者林森浩求情】,0
9456.115727987599,【林森浩投毒原因曝光 校友分求情派与严惩派】林森浩投毒原因曝光 校友分求情派与严惩派 今年2月18日，复旦学生林森浩因投毒案被判处死刑，随后他向上海市第二中级人民法院提起上诉。他表示自己内心很自责，“做梦都在说‘对不起’”，投毒动机只是“想... http://163.fm/Uq9Byf3,0
9435.181603797702,#复旦学子为投毒者求情# 说他内心扭曲的人可知他从小家境贫寒，心里自卑，你们就不能有点同情心吗？人非圣贤孰能无过，知错能改善莫大焉，希望能够给他一次重生的机会！！！复旦投毒案：177学子联名为投毒者林森浩求情http://t.cn/8sgepRz,1
9319.537578923298,擦。妈的有胆投毒还怕被判死刑么？投毒之前你不是挺能耐的么？我以为丫这么嚣张应该不怕死刑的。所以枪毙吧！你这种人渣不要祸害社会了|| #我在看新闻# 《复旦177名学生联名为投毒者求情 死者父亲拒接受》http://url.cn/LJP2Bb  来自@newsmobile,0
9285.3626896231,#复旦投毒案#【复旦投毒案受害者父亲称 不接受学生请求信内容】2月18日，复旦投毒案被告人林森浩一审被判死刑。一审判决之后，复旦177名学生签署请求信，请求法院不要判林森浩同学死刑立即执行。受害者黄洋父亲并不接受请求信的内容。上海知名律师严义明认为，并不能确定请求信能否影响二审判决结果。,6
9277.0304083469,【复旦百名学子为投毒者求情的背后到底是什么？】曾引起一片哗然的复旦投毒案最近将要二审，可二审前却再起波澜，发生了177位学子联名为投毒者求情的情况。 http://163.fm/1Iz1yRn,0
9168.727441568899,我的意思是让投毒者安乐死吧，因为中国人如果杀人不枪毙，会让很多人都去杀人， || #我在看新闻# 《复旦177名学生联名为投毒者求情 死者父亲拒接受》http://url.cn/LJP2Bb  来自@newsmobile,0
9111.3968077053,投毒者罪该万死，禽兽不如！这种有点能力，还心术不正的人，留着他就是祸害！应该拿鞭子抽死他！ || #我在看新闻# 《复旦177名学生联名为投毒者求情 死者父亲拒接受》http://url.cn/LJP2Bb  来自@newsmobile,0
9106.8995853561,凶手是你的亲人，你不会求情吗？ || @xiaoxiaobuguai115:死的是你家人的话、你还会求情放凶手一条生路吗？  || #我在看新闻# 《复旦百名学生为投毒者求情》 林森浩在饮水机投毒致室友死亡，177名学生求给其生路。 http://url.cn/K33Hau,0
9084.814923938,对《复旦177名学生为投毒者求免死 死者父亲拒接受》评论：“投毒者内向敏感，被害者的言行冒犯了他，交涉无果后做出过激行为。这种现象在中国很普遍，因为人们之间没有坦诚和彼此尊重的环境。国外的教育让你学会把自己真实” http://163.fm/693JT8A,0
9074.7590627634,"为投毒者求情的,既便不是想给别人投毒的,也难免成为下一个被投毒的!!! //@国家反烟人: //@AC蓦然回首: 复旦这些年出了不少二傻子，都是因为高太监，冯汉奸们遗祸无穷！18个学生夜游黄山迷路，害一位救援武警战士牺牲，他们竟然不知道歉。这回又给凶手求情！",0
8770.854078289598,#复旦学生联名为投毒者求情#投毒杀人非常残忍，剧毒化学试剂注入饮水机致室友黄洋中毒身亡，还狡辩说是愚人节和黄洋开玩笑，有这么拿人的性命开玩笑的吗？看室友不顺眼就可以投毒，如果原谅了这一次，下次就该轮到你们这些为他求情的人了，换做我，也会要求一命换一命，不会原谅，谁的儿子都是心头肉,0
8673.829386217301,复旦投毒案_百度百科】复旦投毒案是指2013年4月上海复旦大学上海医学院研究生黄洋遭他人投毒后死亡的案件。该案件发生于复旦大学枫林校区中，犯罪嫌疑人为被害人室友林森浩，投毒药品为剧毒化学品N-二甲基亚硝胺。2014年2月18日上午在上海市第二中级人民法院一审宣判，被告人林森浩犯故意杀人罪被判死刑，剥夺政治.......,2
8656.725148685298,【复旦投毒案投毒者林森浩一审被判处死刑|林森浩|被判处死刑_凤凰教育】上海市第二中级人民法院今天对“复旦投毒案”依法公开一审宣判，被告人林森浩犯故意杀人罪被判死刑，剥夺政治权利终身。2013年4月，复... http://t.cn/8FYECtN,1
8633.805122863898,【视频复旦177名学子联名写信为投毒案凶手求情|复旦|投毒案|学生|写信|求情_新浪视频】视频：复旦177名学子联名写信为投毒案凶手求情  http://t.cn/8se7YOQ（分享自 @新浪视频）,0
8552.730782082199,对《复旦177名学生为投毒者求免死 死者父亲拒接受》评论：“2000多年前的古人都明白的道理，今天的大学生还不明白。 证据确凿的故意投毒杀人都不死，那干脆取消死刑好了，何必让人看笑话呢？” http://163.fm/RCt9aHL http://126.fm/3FdR7A,0
8540.053125223698,"复旦177名学生联名写信为投毒案凶手求情免死，你的观点呢？http://url.cn/QdE9YH  区志航  ""复旦投毒案""一审被告人林森浩犯故意杀人罪被判死刑，剥夺政治权利终身。认同林森浩仅仅因愚人节“整人”所致吗？（图为：《那一刻》2013年4月1日 复旦投毒案",0
8509.9417375659,对《复旦177名学生为投毒者求免死 死者父亲拒接受》评论：“如果我现在投毒给这177名学生，他们会为我求情吗？？” http://163.fm/IIbQyxw http://126.fm/12LINK,0
8509.9417375659,对《复旦177名学生为投毒者求免死 死者父亲拒接受》评论：“没有是非的学校，上至校长造假依然不倒，下至普通学生投毒有人同情，有意思的是这学校最出名的是新闻系~” http://163.fm/YD4CukE,0
8494.894342960499,#复旦学生联名为投毒者求情#杀人偿命，天经地义，投毒者内心何其毒也，不杀不足以慰藉被害者父母，不杀无以告慰逝者的灵魂！,0
8455.590217520501,对《复旦177名学生为投毒者求免死 死者父亲拒接受》评论：“死者父亲做得对，杀人偿命天经地义，177名学生联名求情，你们的良心让狗吃了，这样的大学生还有一丁点廉耻吗？这些人加入社会就是祸害！祸国殃民！中国大学就” http://163.fm/u8XnU3,0
8402.270839829498,【谁在操纵177名复旦学生干预投毒案审判】 谁在操纵177名复旦学生干预投毒案审判 报载，在复旦大学某位教授的建议下，177名学生联合签名的《关于不要判林森浩同学“死刑”请求信》寄往了上海市高级人民法院，请求信请求法院二审不要立即处死被告人林森浩，给其“一条生路”，“ http://t.cn/8seONAC,0
8246.020781524598,死去的同学怎么办？ || #我在看新闻# 《复旦百名学生为投毒者求情》 林森浩在饮水机投毒致室友死亡，177名学生求给其生路。 http://url.cn/K33Hau  来自@newsmobile,6
8225.127693381897,佛约，杀人不过头点地，但是法律面前人人平等，如果这次法律开恩，下次呢法律还开恩吗。 || #我在看新闻# 《复旦百名学生为投毒者求情》 林森浩在饮水机投毒致室友死亡，177名学生求给其生路。 http://url.cn/K33Hau  来自@newsmobile,0
8223.634936209399,学校官僚组织运作，并不是..【复旦177名学生联合为投毒学生求免死】2月18日，复旦投毒案被告人林森浩一审被判死刑。一审判决之后，复旦177名学生签署请求信，认为林森浩不是一个凶残的人，从..http://t.cn/8sevBbV （分享自@搜狐新闻客户端）,0
8196.462376450098,人民的眼睛是雪亮的，这个社会应该保证相对公平，人与人也是公平的！ || #我在看新闻# 《复旦百名学生为投毒者求情》 林森浩在饮水机投毒致室友死亡，177名学生求给其生路。 http://url.cn/K33Hau  来自@newsmobile,0
8196.462376450098,这些SB们还求情改天再下毒毒死你们这帮SB们先 || #我在看新闻# 《百名学生为复旦投毒者求情》 林森浩在饮水机投毒致室友死亡，177名学生求给其生路。 http://url.cn/MypN8d  来自@newsmobile,0
8196.462376450098,必须杀以儆效尤。国家不缺这样一个没有道德的人，出来还会祸害社会。 || #我在看新闻# 《复旦百名学生为投毒者求情》 林森浩在饮水机投毒致室友死亡，177名学生求给其生路。 http://url.cn/K33Hau  来自@newsmobile,0
8105.541915004497,过了16周岁他就有了一定的思维能力，也就是说在做什么事他是清楚的。如果因为他是大学生所以可以犯错不接受法律制裁。那也就是告诉中国所有的大学生可以犯同样的错误。 //【复旦投毒案：177学子联名为投毒者林森浩求情】http://t.cn/8sg6XwP (分享自 @今日头条),0
8073.332588870099,复旦！你是怎么培养出这177个藐视法律藐视人命的傻逼的！你的学生的概念里边投毒杀人跟做游戏一样么？按照你学生的逻辑，明天大家都可以随便投毒玩了是么？反正中毒死那个死了白死，投毒的才需要被同情被保护是么！本末倒置的傻逼逻辑艹[鄙视][鄙视][鄙视][鄙视],0
8024.099639546399,【复旦投毒案：177学子为投毒者求情】由复旦大学177名学生联合签名的《关于不要判林森浩同学“死刑”请求信》寄往上海市高级人民法院，建议给被告人林森浩一条生路，让他洗心革面，并照顾受害人父母。今年2月，林森浩因故意杀人，被判处死刑、剥夺政治权利终身。,1
7998.756559502498,复旦投毒案死者父亲拒绝接受177名学生联名求情信.此次事件看出复旦大学有177头人渣，这些人渣以后可能会变成177投毒犯！报考复旦的学生和就读复旦的学生都应该警惕！这些人渣毕业后对社会的危害之大无法预计！http://url.cn/PtxNzq,0
7969.361310492698,复旦177学生为投毒者求免死 死者父亲拒接受——另一位签名的学生认为，从人情的角度来说，黄洋的离开已经让他们非常难受，他们不想再失去林森浩，“我们不能为了惩罚一个人而必须剥夺他的生命”——这群学生 读成了“植物人”，有什么资格谈“人情”！冷酷残忍！脑残！ http://t.cn/8sgT0tI,0
7962.8102011046985,#复旦学生联名为投毒者求情#我就搞不懂为什么那些学生会替他求情  ，有为他 或他的家人考虑过吗？就算再该死的人也不该对别人投毒，  手段太恶劣，  心里有问题。放出来会祸害人间。无期便宜他了，为什么要用大家的钱去养一个杀人犯。所以死刑是必须的，杀人偿命，天经地义。,0
7874.652531813997,难道投毒致人死亡就不算故意杀人吗？学生又怎么样，毕竟他已经是成年人了。 || #我在看新闻# 《复旦学生为投毒案被告求免死》 177名学生联名写求情信；林森浩毒死室友一审被判死刑。 http://url.cn/RR5gSk  来自@newsmobile,0
7871.355365780199,发表了博文 《复旦投毒案死者父亲拒绝接受学生联名求情信》 - 2月18日，复旦投毒案被告人林森浩一审被判死刑。一审判决之后，复旦177名学生签署请求信，请求法院不要判林森浩同学死刑立即执行。受害者黄洋 http://t.cn/8sgHpvV,0
7839.087752775698,杀人尝明，这么简单的道理都不懂，有的人还有脸在这里鸡鸡歪歪，高等教育教育出来，让你们顶着光环杀人，177名学生，哪怕是1777名学生都不能把天理埋没，这种人就要死两次都不为过， || #我在看新闻# 《复旦177名学生联名为投毒者求情 死者父亲拒接受》http://url.cn/LJP2Bb,0
7824.546163428397,大学生就尼玛这点觉悟？这以大学生后是不是都可以杀人、不判死刑呢？ || #我在看新闻# 《复旦177名学生联名为投毒者求情 死者父亲拒接受》http://url.cn/LJP2Bb  来自@newsmobile,0
7777.514394012198,【复旦177名学生联名为投毒凶手求情，受害人父亲不接受】复旦投毒案凶手林森浩被判死刑后，复旦大学177名学生签署请求信，称林森浩并不是一个凶残的人，请求法院不要判死刑立即执行。受害者黄洋的父亲表示不接受请求信内容，“如果他不凶残，为什么会在饮水里投放那么多毒药？”,1
7767.124519682199,#时事新闻#复旦投毒案续:177学子为投毒者求情。日前，由复旦大学177名学生联合签名的《关于不要判林森浩同学“死刑”请求信》寄往上海市高级人民法院，随之一起的还有另外一份《声明书》。建议给被告人林森浩一条生路，让他洗心革面，并在将来照顾受害人黄洋的父母。,9
7766.2100688229975,对《复旦177名学生联名写信为投毒案凶手求情(图)》评论：“被告人委托律师提起上诉，就说明被告人觉得他投毒杀了人不应该判死刑，就这一情况，就说明他的心里更本就没有悔改之意，复旦的那些为他求情的学生，你们又凭什么” http://163.fm/DDPK4vH,0
7755.1752351447985,对《复旦177名学生为投毒者求免死 死者父亲拒接受》评论：“所谓“民意裹挟司法”，罔顾事实，混淆视听，令人发笑。请问，这177名学生，何德何能，代表民意来裹挟司法？若说，这177名学生就能给法院施加压力，那这个” http://163.fm/KPdjSnv,0
7742.477031573401,#山东版复旦投毒案#【大二女生遭投毒 疑因奖学金遭嫉妒】4月29日下午，@山东农业工程学院 一女生水杯遭投毒，疑获奖学金遭嫉妒。该生已入院治疗，病情基本稳定。女孩家属说： “孩子和同学关系挺好，怎么就投毒了？”家属还听孩子提起，那同学和自己争奖学金，可能因嫉妒。详细：http://t.cn/8sBsKPt,0
7742.477031573401,【视频大二女生被同学投毒 疑因得奖学金遭嫉妒|奖学金|投毒|复旦投毒案_新浪视频】视频：大二女生被同学投毒 疑因得奖学金遭嫉妒  http://t.cn/8sBLrds（分享自 @新浪视频）,0
7727.030549661199,#复旦学子为投毒者求情# 黄洋在卧床呻吟期间，林森浩不仅没有告知医生受害者中的是什么毒，还有冷眼旁观的态势，这样丧心病狂的投毒者需要同情吗？根本就不需要！送红包不收是廉洁问题！越是聪明人就越容易混淆问题的本质性！请问林森浩是不是应该像马加爵这样才叫极为凶残?http://t.cn/8sgepRz,0
7707.355404030199,【复旦177名学子联名写信为投毒案凶手求情】复旦大学177名学生联合签名写信寄往上海市高院，建议给复旦投毒案凶犯林森浩一条生路，让他洗心革面，并在将来照顾受害人黄洋的父母。信中称林森浩是同学中捐款最多的学生之一，还坚决拒收病人红包，给农民工连续服务一周，很热心。http://t.cn/8sghoyD,0
7704.234864490599,让他回母校再给这177人投毒！ //【复旦投毒案：177学子联名为投毒者林森浩求情】http://t.cn/8sgJgSi (分享自 @今日头条),7
7692.918626498901,#成长陪伴.心灵护航##山东版复旦投毒案#【大二女生遭投毒 疑因奖学金遭嫉妒】4月29日下午， 一女生水杯遭投毒，疑获奖学金遭嫉妒。该生已入院治疗，病情基本稳定。女孩家属说： “孩子和同学关系挺好，怎么就投毒了？”详细：http://url.cn/OpkN60 菏泽学院共青团 @gqt-15sd-tswxxb @...,0
7682.280300367799,【复旦学生替凶手求“免死”太天真？】 复旦学生替凶手求“免死”太天真？ 复旦大学生投毒案曾传的沸沸扬扬，在这个案发之后，对于案件中黄洋学生之死，很多人都感到很婉惜，人们都在等待法院做出的判决。而近日有一报道传来了消息：复旦有177学子为林森浩求“免死”：“... http://url.cn/NoIFT3,1
7674.928032851097,白读诗书了 || @muzimei: #复旦学生联名为投毒者求情# 这份声明很纠结，如果求情可以免死，那么下一场投毒的受害者谁负责？黄洋的父母又怎能原谅凶手，更别说让杀儿凶手照顾。中国的伦理观念，还没到以慈爱放生的境界。死刑的存在作用，仍是震慑。,1
7656.1541268995,【校园投毒案背后，教育缺了啥|学生|校园_凤凰教育】就在记者采访广西艺术学院校园投毒案期间，曾引起轰动的“复旦大学投毒案”于2月18日在上海公开一审宣判，被告人复旦大学医学院研究生林森浩犯故意杀人罪被... http://t.cn/8sx3Pfn,0
7578.178593190298,转：【复旦投毒案受害人父亲：不接受学生请求信内容】投毒案凶手林森浩被判死刑后，复旦177名学生签署请求信，请求法院不要判林森浩死刑立即执行，称愿代黄洋尽孝。受害人父亲表示这事对家人打击很大，不接受请求信内容，不认同“林森浩不是一个极为凶残的人”的说法。http://url.cn/OyMRBw,0
7540.654606885899,【复旦投毒案受害人父亲称不接受学生请求信内容】5月8日，复旦投毒案凶手林森浩被判死刑后，复旦177名学生签署请求信，请求法院不要判林森浩死刑立即执行。受害者黄洋的父亲表示并不接受请求信的内容，他说黄洋去世对家人打击很大，他也不认同“林森浩不是一个极为凶残的人”的说法。#新闻八卦#,5
7492.132222307199,#复旦学子为投毒者求情# 杀人者在本质上没有区别，投毒和用刀砍人，如果投毒的能被宽恕，那么砍人的是不是也都应该被宽恕。那还有人敢出家门吗？社会不早就乱套了！http://t.cn/8sgepRz,0
7477.326547469999,【视频复旦投毒案死者父亲拒绝接受学生联名求情信 在线观看 - 酷6视频】复旦投毒案死者父亲拒绝接受学生联名求情信 在线观看，看今朝 20140509  http://t.cn/8sDI0nN（分享自 @酷6网）,0
7477.326547469999,发表了博文 《教育百态2189---复旦投毒案死者父亲拒绝接受学生联名求情信  价值取向左和右》 - 复旦投毒案死者父亲拒绝接受学生联名求情信 教育新闻京华时报[微博]2014-05-08 07:19 http://t.cn/8sgEIuJ,0
7468.243579152299,复旦177名学子联名写信为投毒案凶手求情 - 复旦177名学子联名写信为投毒案凶手求情 日前，由复旦大学177名学生联合签名的《关于不要判林森浩同学“死刑”请求信》寄往上海市高级人民法院，随之一起的还有另外一份《声明书》。建议给被告人林森浩一条... --从长江网分享 我... http://url.cn/QMxTzf...,3
7463.4669053754,#复旦学子为投毒者求情# 这个世界都疯狂了么？复旦是复旦，投毒是投毒，两码事,0
7451.037700314598,对《复旦177名学生联名写信为投毒案凶手求情(图)》评论：“煌煌中华，万千校园，投毒者此起彼伏，请愿者前赴后继！” http://163.fm/UYuMRHf,0
7450.227107145097,对《复旦177名学生为投毒者求免死 死者父亲拒接受》评论：“你是真傻，还是装傻？ 那投毒杀人犯本来想让受害者慢性残废终生（那是生不如死，傻呆呆。这将给受害人及其家属带来极大的、无法估量的痛苦），谁知，这小子“学” http://163.fm/PMYVeOq http://126.fm/15h8dg,2
7447.476011038797,复旦的大学生你们的书都读到哪里去了？杀人偿命天经地义！！没文化的都知道，而且要凶手照顾被害人父母…会不会以后也把被害人父母给杀了啊？？？这种人就算不死刑也得判个500年！！ //【复旦投毒案：177学子联名为投毒者林森浩求情】http://t.cn/8sglYYF (分享自 @今日头条),0
7435.142297506097,对《复旦177名学生为投毒者求免死 死者父亲拒接受》评论：“求情也要看性质：本案中罪犯1 因为琐事就杀人 2 蓄谋已久 3 针对不特定人群投毒 4 在受害人中毒不能查明原因的时候未采取任何补救措施。这样恶劣的行” http://163.fm/QNv1ijW http://126.fm/4F6RcQ,0
7422.1662617643005,【复旦同学为投毒被告求情:死刑剥夺生命权要慎用】今年2月18日，复旦投毒案被告人林森浩因故意杀人，被判处死刑、剥夺政治权利终身。25日，被告人林森浩委托辩护律师正式向上海市第二中级人民法院提起上诉案。复旦投毒案进入二审程序。 3月31日，复旦... http://163.fm/SWToS9q,0
7394.818637390598,对《复旦177名学生为投毒者求免死 死者父亲拒接受》评论：“优等生？他骨子里是纯朴善良的？屁，就一冷血杀手的苗子，为点锁事就可以用投毒这种方式杀人，进入社会最终也只能是个危险的社会毒瘤，黄的悲剧是他导演的，只不” http://163.fm/Rpeiph9 http://126.fm/KJT97,0
7382.533501562698,是非曲直不分，气量狭窄，因妒忌而投毒杀人，不论是主观还是客观都是个恶魔！要是这么说，谁比我优秀我就干了他，回头就是谢罪，尽孝，平时不是个太坏的人就可以豁免了！把法律当作玩笑啊！ //【复旦177学生为投毒者求免死 死者父亲拒接受】http://t.cn/8sgOnBo (分享自 @今日头条),0
7380.450068398198,如果你儿子被人投毒了，你还会说出这番话吗？ || @被天真吞噬的回忆:黄先生：如果你不接受是因为你的儿子，那人家的儿子呢，再说了你也知道失去儿子的痛苦，难道你就不想...  || #我在看新闻# 《复旦177名学生联名为投毒者求情 死者父亲拒接受》http://url.cn/LJP2Bb,0
7380.450068398198,受过高等教育就不应该做出投毒这么下滥的事。今天放过了他日后他有不顺同样会除掉对他不利的人。因为江山易改秉性难移。这样的事已经不少了 || #我在看新闻# 《复旦177名学生联名为投毒者求情 死者父亲拒接受》http://url.cn/LJP2Bb  来自@newsmobile,0
7353.868184630898,对《复旦177名学生为投毒者求免死 死者父亲拒接受》评论：“孙铊投毒案必须立案审判！” http://163.fm/I7OrCgk http://126.fm/tVd0P,0
7348.999799717097,死不死的我不评论，你让凶手去照顾死者的父母是什么情况？考虑过被害者父母的感受吗？你想让被害者父母年过古稀以后依然每天看见凶手的脸？想起自己被杀害的孩子？收起你们那些无知的怜悯心吧。 //【复旦投毒案：177学子联名为投毒者林森浩求情】http://t.cn/8sgobsI (分享自 @今日头条),0
7333.131994400898,#复旦学子为投毒者求情#我只想说虽然我极为惋惜逝去的生命，极为痛恨毒同学的行为，极为同情逝者的父母，同样3个极为，我还是想为投毒者求情[失望] http://t.cn/8sgepRz,0
7313.640392169998,杀人偿命，欠债还钱天经地义，这帮鸟学学生凑什么热闹！法律是公正的，不能放虎归山，那样还会咬人的，判死刑，立既执行，杀了那歹人，还死者一个公道。 || #我在看新闻# 《复旦177名学生联名为投毒者求情 死者父亲拒接受》http://url.cn/LJP2Bb  来自@newsmobile,0
7312.238906258198,【复旦学子为投毒者求情该不该挨骂？】没办法只能怪孩子他爹没告诉他，没钱别打仗！没权别杀人！ //【复旦学子为投毒者求情该不该挨骂？】http://url.cn/PG1NPN  (分享自 #今日头条#) (分享自 @Qzone) http://url.cn/PG1NPN,0
7298.658398965398,#复旦学子为投毒者求情# 给投毒者讲人情，那受害者呢！荒唐 详情:http://t.cn/8sehB4T,0
7283.573589326398,#复旦学子为投毒者求情# 生命是无价的，任何人都没有权利结束别人的生命，从这个角度出发，投毒者是有罪的，因为他非法的结束了别人的生命，理应付出代价，但是反过来讲，结束他的生命就能解决问题？http://t.cn/8sgepRz,0
7283.573589326398,声援的一群畜牲，如果被毒死的是你的兄弟姐妹，妳还会为投毒者求情吗?试问杀父之仇，夺子只恨，你也能原谅吗? || #我在看新闻# 《复旦学子为投毒者求情无用》 求情信中确有不妥之处，但谈不上漠视法律、危害司法独立。 http://url.cn/PpRyXQ  来自@newsmobile,0
7283.573589326398,#复旦学子为投毒者求情# 投毒者死有余辜！书都白读了是伐！http://t.cn/8sgepRz,0
7283.573589326398,发表了博文 《177学子为投毒者求情——不成熟的决定》 - 复旦再次上了头条，标题为“177学子为投毒者求情”，网上舆论再次烽火四起。我的观点是，这的确是一个不成熟的决定。我能明白这177位学子的想法 http://t.cn/8sgaEqq,0
7283.573589326398,【复旦学子为投毒者求情该不该挨骂？】踩了 //【复旦学子为投毒者求情该不该挨骂？】http://url.cn/KjHk5m  (分享自 #今日头条#) (分享自 @Qzone) http://url.cn/KjHk5m,1
7247.985025060999,这帮学生如臭味干，知道个屁，杀人就该枪毙 || @weiyi525nanjing:你们，凭什么请求？犯罪了就应该得到应有的惩罚。这帮学生读书读傻了么？社会影响那么...  || #我在看新闻# 《复旦百名学生为投毒者求情》http://url.cn/K33Hau  来自@newsmobile,0
7244.2694638863995,对《复旦177名学生为投毒者求免死 死者父亲拒接受》评论：“SB学生，被辩护律师利用还不懂.这么单纯，这么快就忘记死者家属的悲痛了？.读这么多书读傻了” http://163.fm/N7hZYga,0
7165.254654167298,#复旦学子为投毒者求情# 他的杀人动机，这177名签名的学生都十分清楚是吗？如果被害人是这177名学生中某个人的亲人，这177名学生是否能够坚持联名求情呢？希望这177名学子能给出答案。http://t.cn/8sgepRz,0
7137.072553650099,#复旦投毒案#刚看到复旦177名学生为投毒者林森浩求情，不是所有人都能选择原谅，有些痛苦是无法感同身受的，人到中年，最痛苦的不是破产、不是疾病，而且丧子之痛。对于林森浩我只想说，身体有病不可怕，就怕心理有病！,0
7136.5893372354985,#复旦学生联名为投毒者求情#早干嘛了？能让把他害死的人复活就可以。2比学生助长不正之风。同情的人有的是不去同情在这里却振振有词的说着正义。现在的学生都是傻逼了？,0
7091.220712461098,好像在学生眼里死了的不是人。还真滑稽竟然是复旦的学生。 || #我在看新闻# 《复旦学生为投毒案被告求免死》 177名学生联名写求情信；林森浩毒死室友一审被判死刑。 http://url.cn/RR5gSk  来自@newsmobile,1
7082.322738922999,应持续关注这177个毕业生的后续发展！@深圳特区报: 【复旦投毒案死者父亲拒绝接受学生联名求情信】复旦投毒案凶嫌林森浩一审被判死后，复旦177名学生写下联名信，求法院给他一个改过的机会，让他赡养受害者黄洋的父母。但黄洋父亲拒绝接受求情信：他不凶残？为何下那么多毒药？为何不制止黄洋喝下去？,0
7054.320286662799,对《复旦177名学生为投毒者求免死 死者父亲拒接受》评论：“二楼还嘲笑别人没有没有独立思考能力，我看你自己的脑袋都被驴踢了。如果你被谋杀，你还希望177个学生为凶手求情吗？” http://163.fm/FupHLRc,0
7027.473832905599,对《复旦177名学生为投毒者求免死 死者父亲拒接受》评论：“如果这177名学生愿意喝林森浩配的毒水，喝完之后还觉得林森浩不算凶残，我就支持你们。” http://163.fm/COFcATN,0
7017.417971730999,【如何看待复旦 177 名学生为林森浩（复旦投毒案凶手）求免死？】@林十四伊太刀：多图，慎。再修改，多谢 @JY huang 老师的提醒，现在强调一下观点，以免浪费大家时间：我反对177学生为林森浩（复旦投毒… http://t.cn/8sgaTjQ （分享自 @知乎 安卓客户端）@韩小熊哟吼吼 写的真好，去洗澡了...,0
6964.051737593097,复旦学生无底线。整个事件都体现了复旦法律教育的缺失，以及复旦人法律观念的淡漠，法律素养的低下。 //【复旦投毒案：177学子联名为投毒者林森浩求情】http://url.cn/M4ubCf  (分享自 #今日头条#) (分享自 @Qzone) http://url.cn/M4ubCf,0
6960.674873095601,【“复旦投毒案”上演第二季，折射出啥？】据《齐鲁晚报》报道，山东农业工程学院北校区，一名大二女生水杯里竟遭同学投毒，怀疑是获奖学金遭嫉妒。 逐年扩招，大学生再也不是一个个“天之骄子”，而是随处可见、随处可用的群体。从复旦大学投毒案发生... http://163.fm/2k9Bzw3,1
6949.468362069497,|| @青苹果: 大学生在做这些事情的时候难道没想过后果的严重性？做了坏事就得受到惩罚，不然法律的意义就不存在了。早知如此何必当初。 //【复旦投毒案：177学子联名为投毒者林森浩求情】http://t.cn/8sgoqgO (分享自 @今日头条),0
6949.468362069497,难道复旦学生的命就比别人金贵？【复旦投毒案：177学子联名为投毒者林森浩求情】 (分享自 @今日头条 ) http://t.cn/8sgt6Pz,0
6948.245668034798,对《复旦177名学生联名写信为投毒案凶手求情(图)》评论：“作为复旦大学，我真的感到非常可悲，原来别人骂教育的失败，我不以为然。这件事彻底否定了我的感知，作为全国名牌大学的复旦学生竟然对同学实施了投毒这种邪恶的” http://163.fm/2TIi2Dk,0
6929.441888706398,对《复旦177名学生联名写信为投毒案凶手求情(图)》评论：“看了这177名复旦学生的请求，我想起沈阳的小贩夏俊峰，当时他们，怎么就没有求情信哪？个人觉得，夏当时冲动的成分更大，而投毒则是有预谋的，况且他有机会减” http://163.fm/ZI7HnQt,0
6868.551076448999,【复旦投毒案27日开审 黄洋家属:严惩凶手后再追责】华西城市读本记者昨日获悉，11月27日上午9点，上海市第二中级人民法院将开庭审理“复旦投毒案”，涉嫌以投毒方式故意杀人的被告人林森浩将被带上法庭，受... http://t.cn/8kymaad,2
6858.899436605699,回复寂静森林:今天还看到一个新闻，复旦大学177名学生联名给法院写信，要求不要对那个投毒的学生判死刑，要求轻判，这些逗逼。 //寂静森林:回复@半枫荷叶:现在的大学生，简直就是一汪…——评论@观察者网 「境外间谍策反大陆学生窃取军事机密 利用互联网威逼利诱-观察者网」http://t.cn/8sd8aeq,0
6813.287757557699,【复旦177名学生为投毒者求情 死者父亲拒接受】学生认为，从人情的角度来说，黄洋的离开已经让他们非常难受，他们不想再失去林森浩，“我们... http://t.cn/8sgONXr (@头版客户端 下载http://t.cn/zQPwY6A ),0
6789.3985725251,救人一命，胜造七级浮屠，死者以已，你们为什么不留人一命呢？他家人把他培养到那么发也不容易啊！如果是你的亲人，你也许不会这么想了吧？说明一下，，我跟死者没关系，也不认识死者！ || #我在看新闻# 《复旦百名学生为投毒者求情》http://url.cn/K33Hau  来自@newsmobile,0
6787.049483489397,一个内心正常的人会对室友投毒？我觉得投毒者凶残到了极点，一群道德逼伪爱心逼这时候还在受害者父母伤口上撒盐，真傻逼，复旦low B学生共178人。。。//@XY大吃特吃甜菠萝: 杀人偿命，天经地义。,0
6764.735282851399,请向那些为罪犯求情的高校学子们，投毒这么恶劣的行径等同于恐怖分子干的事，有被原谅的理由吗？你们现在唯一能做的就是等待法律对行凶者的严厉审判。高校是培养精英的地方，不是养一群猪在那里是非不分！ || #我在看新闻# 《复旦百名学生为投毒者求情》http://url.cn/K33Hau,0
6759.945576395299,#复旦学生联名为投毒者求情#如果是死者亲属同意并提我没意见并表示感动，如果死者家属不同意，那这177个读傻了的煞笔等于在死者家属伤口撒把盐、,0
6751.949095409697,#复旦学子为投毒者求情# 中国98年签署《人权公约》，政府、社会、公民的认知仍处于启蒙阶段，凝聚共识更是莫言。杀人、治罪处决，不过是死亡的循环，法治、人权未被彰显！学生投毒案动机、背景是…94年的朱令铊中毒事件，这轰然全国却至今仍是个谜，背景的势力让真相不能被昭示。http://t.cn/8sgepRz,0
6751.489447470597,投毒属于故意杀人，富二代属于交通事故，请你分清楚！法盲！仇富的心态已经摧残了你的智商！ ||@Qinsy120:同样是把人搞死了！农村来的大学生就死刑 富二代速度70迈男猪脚就判了三年？你们懂我说的意思吗？  ||#我在看新闻# 复旦学子为投毒者求情无用http://url.cn/PpRyXQ,0
6749.865662245197,#复旦学生联名为投毒者求情#投毒事件在大学内不是一次两次了。经常发生不加严惩会让更多人去效仿。应该以儆效尤。,0
6737.365719886097,#复旦学子为投毒者求情# 这177个求人的学生算什么东西，用什么立场来求情的，尼玛换成是你孩子、你父母、你朋友被人投毒害死了，还能这么冠冕堂皇的说出这种话继续圣母吗？本来杀人偿命天经地义，更何况是这种有预谋的犯罪且事发后不自首不补救的？真是无耻[弱]http://t.cn/8sgepRz,0
6735.282286721597,#复旦学生联名为投毒者求情#他投毒的时候就已经是想死啦,0
6708.700402954298,#复旦学子为投毒者求情#真是逗逼，若是今天放过了他，明天我们也玩投毒。177名学生都是他的撸友吧！ http://t.cn/8sgepRz,0
6689.9136619471965,有人操纵，犯人家属也是病急乱投医，可怜！ || @彬临城下:为什么还有人求情？现在的孩子是非不分了吗？他可以向包括求情人在内的任何人投毒，造吗！  || #我在看新闻# 《复旦学生为投毒案被告求免死》 177名学生联名写求情信；林森浩毒死室友一审被判死刑。 http://url.cn/OVWrvd,0
6674.7881987621995,人家联名碍着你筋疼了，有本事自己去把复旦关了别逞口舌之快 ||@xd2807044360:复旦大学教出来这些学生和教授真他妈的太虚伪了，嘴上说不想干扰法院的判决，可是又在搞请愿...  ||#我在看新闻# 复旦177名学生联名为投毒者求情 死者父亲拒接受http://url.cn/LJP2Bb,1
6654.348882908898,我看你们大学生有哪闲情，研究研究防卫过当吧，推动司法进步，替一个杀人犯求情，颠没了！复旦！的名字，做两年牢出来再来个误杀你儿子，我看你还求情不，老百姓养着你们是惩罚坏人，推动社会进步 || #我在看新闻# 《复旦177名学生联名为投毒者求情 死者父亲拒接受》http://url.cn/LJP2Bb,0
6652.265449744399,对《复旦177名学生为投毒者求免死 死者父亲拒接受》评论：“复旦177名学生联名求免死，那网络民众要联名求必死，怎么判？听谁的？” http://163.fm/OGD9Jnx,0
6635.6147082485,177名学生写联名信为复旦投毒案凶手求“免死” - 由复旦大学177名学生联合签名的联名书寄往上海市高级人民法院，随之一起的还有另外一份《声明书》。建议给被告人林森浩一条生路，并在将来照顾受害人黄洋的父母。  复旦的学生，就这水平。我国无望了 http://t.cn/8sg5nGa,3
6627.766999141599,现在的大学生道德缺失，杀人偿命欠债还钱。 //【复旦177学生为投毒者求免死 死者父亲拒接受】http://t.cn/8sejVeC (分享自 @今日头条),0
6627.186735693097,复旦投毒案受害人父亲称不接受学生请求信内容 - 东方网-上海频道-复旦投毒案受害人父亲称不接受学生请求信内容-林森浩 黄洋 严义明 请求 凶残 死刑 二审 黄国强 斯伟江 一审 http://url.cn/LZIS3C,0
6625.683565977099,中国是法制社会，不是人情社会！177名学生，你们的书白读了！中国式教育的悲哀！ || #我在看新闻# 《复旦177名学生联名为投毒者求情 死者父亲拒接受》http://url.cn/LJP2Bb  来自@newsmobile,0
6625.683565977099,#复旦学生联名为投毒者求情#复旦的学生有没有为死者鸣冤。,0
6625.683565977099,这些学生是学法律的？他们眼里还有法吗？集体退学好了，省得以后出来危害社会！ || #我在看新闻# 《复旦177名学生联名为投毒者求情 死者父亲拒接受》 http://url.cn/LJP2Bb  来自@newsmobile,0
6613.685057733399,"""《复旦177名学生为投毒者求免死 死者父亲拒接受》http://news.163.com/14/0508/02/9RMI4G1P00014AED.html我的观点：求情不是法律，关键是如何避免类似事件继续发生！到目前为止，尚未看到中国的教育改革中增加 “学生心理调试和安全保护”等实质性内容和切实可行的措施，更没...",0
6599.101682209799,对《复旦177名学生为投毒者求免死 死者父亲拒接受》评论：“道德底线在那里啊，现在的大学生是怎么了？？？？？？？？” http://163.fm/4zHFw2B,0
6599.101682209799,// @额都是酸奶何必装特伦苏X: 复旦177个医学生将来到医院工作也会是庸医，也会视生命如儿戏，病人可要倒霉啦。呜呼……！！！！！！同意的顶。 //【复旦177学生为投毒者求免死 死者父亲拒接受】http://t.cn/8se9vrf (分享自 @今日头条),0
6599.101682209799,对《复旦177名学生为投毒者求免死 死者父亲拒接受》评论：“复旦177名学生，你们有么分量能更改法院判的结果。你们装B呢。杀了人。想免死。你们去死吧。蔑视中国法律吗？” http://163.fm/5S90Rbp,0
6599.101682209799,对《复旦177名学生为投毒者求免死 死者父亲拒接受》评论：“现在的大学生，不像五四运动期间到改革开放前十年那样，紧随时代的脉搏，已经与社会严重脱节，还自以为是、真以为天降大任于斯人、目空一切。就以上这些求情者，” http://163.fm/5wiieny,0
6599.101682209799,对《复旦177名学生为投毒者求免死 死者父亲拒接受》评论：“一群无知的学生，事情没发生在你们身上你们永远体会不到哪种痛苦，总以为自己是善良的，总以为自己是在做好事，但是犯了错就要付出代价，一些人总是谴责国家对待” http://163.fm/JVUm7UA,0
6599.101682209799,对《复旦177名学生为投毒者求免死 死者父亲拒接受》评论：“6楼这个畜生说了个荒诞的理由，我也是一个大学生，我来杀你全家怎么样？毕竟我也不容易抑制自己的怒火！” http://163.fm/B0VlzHa http://126.fm/2xiI70,0
6599.101682209799,对《复旦177名学生为投毒者求免死 死者父亲拒接受》评论：“这177个没有是非观念的混蛋，妄称大学生” http://163.fm/ExngPUg,0
6599.101682209799,对《复旦177名学生为投毒者求免死 死者父亲拒接受》评论：“复旦的学生还留着鞭子呢，功过能相抵？” http://163.fm/L5sdMKE,0
6599.101682209799,对《复旦177名学生为投毒者求免死 死者父亲拒接受》评论：“法律归法律（如果我朝有的话），求情归求情，我认为复旦学生的举动是对的。至少中国年轻一代的，怜悯、同情、思考的能力是有的。历史多少千夫所指的案件，其实到” http://163.fm/2b8A8zV http://126.fm/3LiXs6,0
6599.101682209799,对《复旦177名学生为投毒者求免死 死者父亲拒接受》评论：“草泥马，复旦法学院学生水平就这操行” http://163.fm/YS2yNCl,0
6599.101682209799,对《复旦177名学生为投毒者求免死 死者父亲拒接受》评论：“法律专业的大学生……” http://163.fm/T8jsqsz http://126.fm/15MivP,0
6598.661716103498,你有病吗？让凶手出来给你看看？ || @bailan2017:顶错了，要是死者是你家人，你还会为杀人犯求宽恕吗？  || #我在看新闻# 《复旦177名学生联名为投毒者求情 死者父亲拒接受》http://url.cn/LJP2Bb  来自@newsmobile,0
6589.045821035198,复旦那177个学生的为投毒凶手写的求情书是真的吗？...打人情牌...中国法制化进程举步维艰，身为名义上的学生精英却在一起投毒案中表现出人情代替法律的心态...,0
6580.314941202698,人才难的，死者已逝。只要真心悔过，应该给个机会。死缓也能对社会起到警视作用。国家培养一个复旦学生容易吗？ || #我在看新闻# 《复旦学生为投毒案被告求免死》 177名学生联名写求情信；林森浩毒死室友一审被判死刑。 http://url.cn/RR5gSk  来自@newsmobile,0
6571.7881302301985,他在投毒的时候有没有想过给被害人一条生路，这些学生真是扯淡！ 【评】复旦177学生为“投毒案”被告人求情：给条生路 http://url.cn/Kn4mgh,0
6571.7881302301985,你投毒药的时候你想过自己的父母吗  这种人报复性太强了  有意见可以当面讲清楚  现在的大学生狗屁都不如  人生最大的敌人不是别人而是自己  拿的起就放得下  吃亏不是痴人乃是财富 【评】复旦177学生为“投毒案”被告人求情：给条生路 http://url.cn/Kn4mgh,0
6569.996399171699,#复旦学生联名为投毒者求情#求情有何用，法律是无情的。一个有行为能力的研究生，触犯了法律，就应该为此付出代价。以情代替法，将客观促成“后来者”侥幸心理。重新做人照顾死者的父母，请问：死者的父母每天面对杀儿凶手，能安心？,0
6565.616987320699,"【【177复旦学生联名为凶手求“免死” 受害人父亲称不接受】2月18日，复旦投毒案被告人林森浩一审..】这177名学生连公开自己个人信息都不敢公开,都是一帮敢做不敢担当家伙.这样大学生到社会有何用? (分享自 @Qzone) http://url.cn/LGQsQJ",0
6544.902533807697,【环球时报：复旦学子有权表达对“死立决”的态度】177位复旦学子近日在请求信上联合签名，请求上海高级人民法院不要对该校投毒者林森浩判处&ldquo;死刑立即执行&rdquo;。经媒体报道后，网络上出现强大的反呛声。被投毒致死者黄洋的父亲于昨天公开... http://163.fm/aNIflAR,0
6536.1955305747,【复旦学子联名上书是被感情冲昏了理智】2月18日，复旦投毒案被告人林森浩一审被判死刑。一审判决之后，复旦177名学生签署请求信，请求法院不要判林森浩同学死刑立即执行。4月20日，部分学生又向法院递交了一封“声明书”，表明“请求信”是学生... http://163.fm/61OPhch,0
6497.1195800979995,【复旦学生写请求信原谅杀人犯 专家称值得赞许】一年前发生的“复旦大学投毒案”，令世人震惊。近日，复旦177名学生联名写请求信，为一审被判决死刑的被告人林森浩求情，再次引起舆论关注。有人认为学生精神可嘉，体现了人性之善，他们并费为林森浩脱罪，而是请求再给他一次机会 http://t.cn/8seCpfT,0
6485.330053734999,【复旦投毒案18日宣判 黄洋父母：想看凶手被严惩|林森浩|投毒案_凤凰教育】距离复旦投毒案发生已快一年时间，受害自贡籍学子黄洋的父亲黄国强终于将迎来宣判的时刻。昨日，华西城市读本记者从黄国强处了解到，... http://t.cn/8FYJ0ym,1
6476.4266274222,今天听说复旦大学有177名逗比师生联名为投毒案凶手求情，要是我就连这帮求情的都抓起来枪毙，怎么人家孩子就不是人了啊？！人家就不是你复旦的学生了啊？！给凶手求情？！你们是不是共犯啊？！还是凶手是你们联名请来的？！这投毒是尼玛故意杀人！不是过失杀人！qq,1
6474.143815293098,对《复旦177名学生为投毒者求免死 死者父亲拒接受》评论：““本人XXX，如果我父母儿女被人谋害，我自愿不判凶手死刑，并保证替凶手求情请求轻判。”请持有请求轻判的、所谓理性的、懂法的、非主观故意的、品学兼优人才” http://163.fm/VUAzubT,1
6461.085339828897,【复旦投毒案：177学子联名为投毒者林森浩求情】 这些都是复旦大学的高材生，请你们尊重法律，想想死者父母的心情，换位思考一下吧！ http://t.cn/8sgBCw1,0
6452.686318395597,尊重生命？那么你们尊重过死者家属的感受么？法不严则民风淫！再说了他死了，又会有一个工作岗位空出来。支持死刑的顶起！ //【复旦投毒案：177学子联名为投毒者林森浩求情】http://t.cn/8sg0oY9 (分享自 @今日头条),0
6375.186601817599,故意杀人罪都不能死刑的话，天理何在？这177名大学生都是吃狗屎长大的？ || #我在看新闻# 《投毒案死者父亲拒受学生求情》 复旦177名学生联名请求法院不要判林森浩死刑立即执行。 http://url.cn/PRUDOj ，相关专题 http://url.cn/JEkAIv  来自@newsmobile,0
6370.431280131499,【复旦177名学子联名写信为投毒案凶手求情】日前，由复旦大学177名学生联合签名的《关于不要判林森浩同学“死刑”请求信》寄往上海市高院，随之一起的还有一份《声明书》。建议给复旦投毒案凶犯林森浩一条生路，让他洗心革面，并在将来照顾受害人黄洋的父母。目前，该案已进入二审程序。By东方早报,5
6345.599557996798,【视频复旦投毒案受害人父亲：不接受学生请求信内容[九点半]—在线播放—优酷网，视频高清在线观看】复旦投毒案受害人父亲：不接受学生请求信内容[九点半]   http://t.cn/8sexNyJ （分享自 @优酷网）,0
6306.449852709197,【复旦学生为投毒凶手求情 死者父亲称必须死刑】复旦投毒案折射出中国教育的诸多问题和缺失，值得每一个人去深刻反思。林森浩才高德寡，于社会只会带来更多危害，处之以极刑并无过分之处，免死之说颇为不当。 (分享自 @Qzone) http://url.cn/Npz42c,0
6295.629166809097,复旦学子投毒案看扭曲的中国国情：复旦学子投毒为什么会有学生联名求情？当今社会，有权势和财势之分，怎么又冒出了一个学势？自古以来，杀人尝命，发展的的社会怎么会出现如此无知的请求？用纳税人的钱培养出这等人材，悲哀啊！生命面前，人人平等。难道复旦是免死院吗？如学生的请求得惩，国法何在?,0
6291.229437748898,留活口 //@上海新闻播报:【#复旦学子为投毒者求情#，你怎么看？】复旦投毒案即将进入二审。凶手林森浩是否应该判处死刑引微博网友争议。大部分网友认为杀人就该偿命：“法律面前人人平等，犯罪就要接受法律制裁”。但也有网友支持免死，称林本性不坏有悔过的可能，且很多国家没有死刑。对两方不同的态,0
6282.0402551072,【复旦177名学生免死求情信，会影响判决结果么】IT之家（www.ithome.com）：复旦177名学生免死求情信，会影响判决结果么 2月18日，复旦投毒案被告人林森浩一审被判死刑。日前，一封由复旦大学177名学生联合签名的“关于不要判林森浩... http://163.fm/OjkGUC4,0
6276.6445513440985,复旦177名学生联名为投毒者林森浩请求免死。你怎么看？有学历有能力就可以杀人免死？复旦的学生们同志们，被毒死的不是你们吧，站着说话不腰疼。,0
6262.1029619967985,#复旦学生联名为投毒者求情#真的太可惜，也太可恨了，那么一个祖国的栋梁人才，就如此陨落，我不主张学生们的签署请求信，我看了，林森浩的空间自己的留言，他是挽回不来的，别让他害更多无辜的人，更别让他照顾黄洋的父母，死刑我觉得也没多大的意思，带来的只会是两个人才同时陨落，让林为社会贡献吧,0
6247.353036770398,#复旦学子为投毒者求情# 论罪他应当抵偿。有如此多的同学为其求情，也足以说明林犯有让人爱戴之处。林投毒缘于死者开玩笑对自己的羞辱，林用对方的死来平复内心愤怒，属报复过分，其优秀之处不能抵消所犯之罪。http://t.cn/8sgepRz,0
6201.862498105799,说的不对，你投毒害死黄洋你的这种行为该判你死邢，但黄洋是无辜的 她不该死 所以你是对不起黄洋的 投毒 多么卑劣阴险的手段 一个男人怎么可以内心如此狭隘。可悲 || #我在看新闻# 《复旦投毒案凶手:没想到获死刑》 http://url.cn/JLPf4e  来自@newsmobile,0
6194.701859648399,#复旦学生联名为投毒者求情#如果能读懂林森浩当时的心里，更说明了他不是个恶魔。他是个懂事朴实的孝子，只是一念之差，酿成大错。我为求情的学生投一票！,0
6135.521739105899,对《复旦177名学生联名写信为投毒案凶手求情(图)》评论：“一群是非不分主义者。（理想二字这177人还不配啊。执行死刑，少一个这样恶毒的复旦学生国家就没有未来了还是咋滴？这177的复旦学生真把自己当国家的未来，” http://163.fm/FfSm11V http://126.fm/4XSX7d,0
6134.547016619498,#复旦学子为投毒者求情#177名复旦学子联名为凶手求情。你怎么看 杀人事实客观存在，应该维持并执行死刑判决！！！为复旦悲哀，学医的投毒杀人，学法的为杀人犯求情 详情:http://t.cn/8sehB4T,0
6133.827216582199,【视频京华时报：复旦投毒案——177名学生签名免死  校方称属行使公民权[早安山东]—在线播放—优酷网，视频高清在线观看】京华时报：复旦投毒案&amp;mdash;&amp;mdash;177名学生签名免死  校方称... http://t.cn/8seqJfN （分享自 @优酷网）,0
6123.260171753999,【复旦投毒案受害人父亲称不接受请求信内容】复旦投毒案被告人林森浩一审被判死刑，复旦177名学生签署请求信，请求法院不要判立即执行，称林森浩不是一个凶残的人。受害人黄洋的父亲黄国强说，如果他不凶残，为什么当黄洋躺在病床上呻吟时，不告诉医生他中了什么毒？http://url.cn/RE1CpY  京华时报,1
6116.861227883199,对《复旦177名学生为投毒者求免死 死者父亲拒接受》评论：““杀人偿命”还有什么好说的，这种请愿书是对死者极其家属的不尊重。 对于穷凶极恶的人，你对他讲仁慈也没任何意义，肠子都烂了留着还有什么用。” http://163.fm/86vbdcB,0
6112.857942616199,比如复旦投毒的事情，我绝对不会认同凶手给黄洋投毒是“当下唯一能做的事情”，也绝不认同让犯罪重返社会。受害者的亲人和好友怎么会想让杀了自己重要的人的凶手代替他的位置，别说的太崇高，别说的这好像是理所当然一样。凶手就是凶手，断送了一个无辜人的生命的凶手，而每个人都不想成为下一个黄洋。,0
6088.195910951399,对《复旦177名学生为投毒者求免死 死者父亲拒接受》评论：“毒死别人的时候没见你们阻止，现在倒来尊重生命了，那死者呢！” http://163.fm/M5Ke56C,0
6088.195910951399,如果因为他人干扰法律程序，救了一条生命是好事，但是你们有没有想过他们父母的感受，砍人的事情已经不少了，不希望死者的父母做出这样的行为。 //【复旦177学生为投毒者求免死 死者父亲拒接受】http://t.cn/8sgljck (分享自 @今日头条),0
6088.195910951399,对《复旦177名学生为投毒者求免死 死者父亲拒接受》评论：“注意一个细节，如果不是死者 黄洋 把桶里的水倒掉，还会有更多的人死掉，…………。公共安全罪就是对象众多，会有很多人遇害的可能，这样的人罪大恶极” http://163.fm/DoN2PKb,0
6042.5548834013,"【复旦177名学生写联名信为投毒案凶手求“免死”】南方快评:在大是大非问题上,切莫感情用事.这个凶手投毒致同学死亡,并非一时冲动,而是有人格缺陷,这回若饶了他,不处死,也难保其将来不危害他人.这样的例子已经有过,杀人犯减刑出狱又杀人的,就是如此道理.法律不是儿戏! http://t.cn/8sg7eO4",0
6040.138399708299,法律确实不讲私情，但必须符合人性顺应良知，他也是受害者！ || @weiboxubin8454:不知道这些大学生读了什么书？法律是不可以讲私情的。你们又不受害者家属，凭什么资格替...  || #我在看新闻# 《复旦百名学生为投毒者求情》http://url.cn/K33Hau,0
6038.634097362099,愚昧无知的是你，封建思想就是害死人 || @zhang86535:杀人偿命，欠债还钱，天经地义！一己之私，害人性，可恨至极！学生都在想什么？有什么脸面求情？...  || #我在看新闻# 《复旦百名学生为投毒者求情》http://url.cn/K33Hau  来自@newsmobile,0
6036.510771404098,#复旦学子为投毒者求情#[怒骂] 杀人偿命 欠债还钱”必须严惩投毒凶手！[怒]http://t.cn/8sgepRz,0
6034.427338239598,"#复旦学子为投毒者求情# 177名复旦学子联名为凶手求情。复旦的人毕竟不是为了情就放弃理智,他投毒的初衷是什么,他为什么不去害别人, 详情:http://t.cn/8sehB4T",0
6034.427338239598,#复旦学子为投毒者求情#177名复旦学子联名为凶手求情。你怎么看 法律之外也有人情，应该酌情给予救赎机会   虽然我不知道发生了什么吧，不过真的觉得不要这么绝好不好，谁也不是特乐意去投毒滴丫 详情:http://t.cn/8sehB4T,0
6033.793159064399,#复旦学子为投毒者求情# 177名复旦学子的一封联名求情信引发舆论热议，部分网民对学生的请求持有异议，也有少数表示理解。法律专家认为，尊重民意并不等于被民意绑架，司法审判应以事实为依据、法律为准绳。学生则表示此举是真实意愿，并非干扰判决.http://t.cn/8sgepRz,0
6033.124580243899,【复旦177学生联名为投毒者求免死 受害人父亲称不接受】学生认为，从人情的角度来... http://url.cn/RnEwiw  (@t21CNweizixun 下载http://url.cn/Gx6EEa  ),0
6009.968780430299,这肯定是父母花钱请的 || @liyang52013148587:看到评论，心凉了，他还没有踏入社会，他只是个学生，思想很简单，或许他可以学好...  || #我在看新闻# 《复旦百名学生为投毒者求情》http://url.cn/K33Hau  来自@newsmobile,0
6006.626268829,就算不是大学生，养个孩子容易吗，给吃给喝就行的么？父母用生命珍惜的宝贝。一个村子能出几个复旦大学生，父母倾注了多少心血，抱着多大的希望。凭什么原谅，已经害死了受害者，还要受害者父母拿命去原谅他，不过分么？ || #我在看新闻# 《复旦学子为投毒者求情无用》http://url.cn/PpRyXQ,0
6003.038533318299,应该说即便是复旦大学这样的高端学府也有少数法盲白痴 || @lwisilju: #复旦学生联名为投毒者求情#复旦学生有爱心。,1
5988.3597873935,这就是法学院教授和研究生思考问题的方式? &quot;同学们认为林森浩的罪行是不可原谅的，应该受到应有的惩罚。但是，林森浩在学校做了一些好事，不是一个凶残的人，从情理上讲，希望能给他一次机会重新做人，请求法院不要判其死刑立即执行&quot; 复旦177名学生为投毒者求免死 死者父亲拒 http://t.cn/8s...,0
5983.835441429898,对《复旦177名学生联名写信为投毒案凶手求情(图)》评论：“这177个脑残，亏你们寒窗苦读上了复旦，给复旦丢人现眼。我有以下几点想请这177个脑残回答： 1、林森浩投毒导致同学死亡...其罪严重，后果惨重” http://163.fm/2PnohAW http://126.fm/493bmz,1
5982.599217464999,求情的学生，糊涂蛋，如果被害的人是你，你的父母会同意杀人者免死吗？ //【复旦学生为投毒者求情始末:律师称舆论影响判决】 http://t.cn/8ssJ6MA （分享自@360新闻）。下载查看：http://t.cn/8FUiIz8,0
5980.515784300499,对《复旦学生联名求情 黄父：怎么可能在身边养毒蛇》评论：“如果因为黄洋善良单纯就要被诬蔑成缺少为人处世的知识实就该被人看不惯毒死，只能说1楼的SB和这些所谓的智障学生是未来的投毒者，他们是一群僵尸，杀死一个善” http://163.fm/AkNVuGf http://126.fm/2RTgqI,0
5980.515784300499,"#复旦学生联名为投毒者求情# 作为一名复旦的一名学生/也可以说非常优秀了.对家人来说是荣耀对国家来说是人财.可那么多年的付出装满脑子的知识,却令他走上了极端.二个家庭,那么多受伤的心,这其是舆论所能决定的.只会让大众心寒.育人先育德吧!",0
5980.515784300499,#复旦学生联名为投毒者求情#怎么又是大学生/擦汗 虽来自天南地北，但彼此友好何乐不为？秀才得自爱/求真相,0
5980.515784300499,#复旦学生联名为投毒者求情# 做事就该想想后果是否是自己能够承担的  并且他也是一个大学生  应该懂的更多的法律知识   不该明知故犯  所以他应该受到法律的惩罚,0
5980.515784300499,#复旦学生联名为投毒者求情#这些学生好像少点脑子，什么东西都可以求情，但是法不容情，从小了说是没脑子，大了说是阻碍我国法制进程。,0
5976.456649551,这就是我们的大学生，复旦大学的高材生，学生界中的佼佼者，祖国的栋梁之才，这也让我想起了当年力挺药家鑫的那群精英。 //【复旦学子为投毒者求情该不该挨骂？】http://t.cn/8sg0FPc (分享自 @今日头条),0
5974.9720290384985,那联名请求的177名师生是受被告人家属不少利益罢了，严惩、严查这177名，这危害社会及人民的祸根一定要判死刑、立即执行。 //【复旦177学生为投毒者求免死 死者父亲拒接受】http://url.cn/ON3sEQ  (分享自 #今日头条#) (分享自 @Qzone) http://url.cn/ON3sEQ,0
5968.057628117699,#复旦学子为投毒者求情#  如果为林森豪的学生 你们自己的亲人被无辜的杀害 你们还说的出这么冠冕堂皇的言语吗? 再想想 有很多留学国外的学生在外国被杀害后因为国外有的国家没有死刑 我们会想 判的轻了 没有维护我们海外游子的权利 那么我们自己的国家也要学国外吗? 详情:http://t.cn/8sehB4T,0
5953.933900533199,#复旦学子为投毒者求情# 这个情可以求，培养一个大学生无论对于一个家庭还是本人都实属不易，大学是最容许人犯错的地方，只要本人存在悔意，给一个善意的饶恕远比痛不欲生的惩罚更能够唤醒误入迷途的学生！http://t.cn/8sgepRz,0
5953.493934426898,杀人偿命。凶手不能放他逍遥自在。 || #我在看新闻# 《复旦177名学生联名为投毒者求情 死者父亲拒接受》http://url.cn/LJP2Bb  来自@newsmobile,12
5939.411993018698,哪天你儿子被人下毒害死了，你是否像现在说的那么宽容大量？ || @DYQ66626820110127:凶手方那叫为事件承担责任，被害人方叫无辜的，你醒醒吧！  || #我在看新闻# 《复旦177名学生联名为投毒者求情 死者父亲拒接受》http://url.cn/LJP2Bb,0
5935.147159526098,可笑的大学生，法律不是儿戏！既然做了就得承担应该承担的后果！ || #我在看新闻# 《复旦学生为投毒案被告求免死》 177名学生联名写求情信；林森浩毒死室友一审被判死刑。 http://url.cn/OVWrvd  来自@newsmobile,0
5935.147159526098,你妈傻比！ || @liyang52013148587:看到评论，心凉了，他还没有踏入社会，他只是个学生，思想很简单，或许他可以学好...  || #我在看新闻# 《复旦学生为投毒案被告求免死》 177名学生联名写求情信；林森浩毒死室友一审被判死刑。 http://url.cn/OVWrvd,0
5935.147159526098,难道怀念药家鑫？大学生的命值钱点是吗？法律面前绝不允许人情大于法！ || #我在看新闻# 《复旦学生为投毒案被告求免死》 177名学生联名写求情信；林森浩毒死室友一审被判死刑。 http://url.cn/RR5gSk  来自@newsmobile,0
5935.147159526098,可怜之人必有可恨之处～早知如此、何必当初，你们是学生，代表的是社会发展趋势，这样的手段极度恶劣，社会影响很大～安乐的去吧～ || #我在看新闻# 《复旦学生为投毒案被告求免死》  177名学生联名写求情信；林森浩毒死室友一审被判死刑。 http://url.cn/RR5gSk,0
5935.147159526098,177枉进牛圈！ || @caiyunzhin6873:被毒死了的就不能成为人材吗？写求情信的这些学生枉进了高等学府！  || #我在看新闻# 《复旦学生为投毒案被告求免死》 177名学生联名写求情信；林森浩毒死室友一审被判死刑。 http://url.cn/RR5gSk,0
5935.147159526098,好可悲的求情者！有几人真心求情？一时的“大爱”来显示大学生与众不同的素质吧！ || #我在看新闻# 《复旦学生为投毒案被告求免死》 177名学生联名写求情信；林森浩毒死室友一审被判死刑。 http://url.cn/OVWrvd  来自@newsmobile,0
5924.828617495098,黄国强失去了自己的儿子反倒成了残忍了！这世道成啥样了 || @Q376526082:黄国强失去了孩子就应该知道失去孩子的痛苦，所以他认为要让凶手的父母也痛苦，你太残忍了。  || #我在看新闻# 《复旦177名学生联名为投毒者求情 死者父亲拒接受》http://url.cn/LJP2Bb,0
5898.2467337277985,对《复旦177名学生为投毒者求免死 死者父亲拒接受》评论：“呵呵，看来你很熟悉啊？你怎么知道凶手没有换算剂量和考虑种属差异？连你都知道考虑的东西，一个医学硕士难道会大意?” http://163.fm/4ziiwnK http://126.fm/13HaVQ,0
5893.583720305199,根据正常的社会体制是不能判死刑的，人的生命是无价的，无论凶手与死者。 || #我在看新闻# 《复旦学生为投毒案被告求免死》  177名学生联名写求情信；林森浩毒死室友一审被判死刑。 http://url.cn/RR5gSk  来自@newsmobile,0
5876.4523039078,177复旦学生联名为凶手求“免死” 受害人父亲称不接受 2月18日，复旦投毒案被告人林森浩一审被判死刑。一审判决之后，复旦177名学生签署请求信，请求法院不要判林森浩同学死刑立即执行。受害者黄洋的父亲表示并不接受请求信的内容。上海知名律师严义明认为，并不能。。。。。。http://t.cn/8sglzUh,3
5873.7313446776,复旦大学还能做的再轰动一点吗？学生在校杀人还不够丢学校脸面，又搞学生联名保杀人犯不死，学校教育是不是存在问题？ || #我在看新闻# 《黄洋父亲称不接受请求信内容》 复旦学生签署请求信为投毒案被告求免死，受害者父亲不接受。 http://url.cn/O0hKoq  来自@newsmobile,0
5873.254067665698,法院一审时没有考虑这些因素，那二审也不会考虑这次校友的联名请求信。////那国家还设立二审机构养老吗？养闲人吗？ //【复旦投毒案：177学子联名为投毒者林森浩求情】http://t.cn/8sgMe1d (分享自 @今日头条),0
5861.088414716897,造孽呀，问天下，那有孙子说爷爷是SB的?|| @雨哗啦啦滴下…: SB // @谭金华: 希望国家，社会，受害者家人给他一条生路。我信他定能洗心革面，十多年后定能造福社会和赎罪。如果受害人家属能放过他，更显人性光辉和大爱。 //【复旦投毒案：177学子联名为投毒者林森浩求情】http://url.cn/Ot1RvZ...,0
5855.0790211136,对《复旦投毒案今宣判 受害人家属称不判死刑就抗诉》评论：“复旦投毒一案及以往投毒案件令人震惊，如果不判死刑，会有心胸狭隘的人存侥幸心理效仿之，对社会的危害极大。” http://163.fm/1zzGik5,0
5853.8485112971,'复旦177名学生联名写信为投毒案凶手求情'此情固可赞，但冤魂更可悲，家人更可怜！法律不能因为你是人才就勾销你的罪责!杀人偿命天经地义！我真的搞不懂，满腹经纶的当今高材生怎会干出如此脑残的罪恶，还饮水机投毒，要是全寝室的同学都喝了，后果更不堪设想！不明白有什么苦大仇深非得用杀人去解决！,0
5853.675490943199,被告人为何要投毒，认罪态度如何?但如果法律可以求情的话，后面的中国人还有13亿多，怎么办?请教授解释 【评】复旦177学生为“投毒案”被告人求情：给条生路 http://url.cn/Kn4mgh,0
5853.017807043999,往你杯子里投毒之后再求情是不是漠视法律？//@复旦大学冯玮:“ 为投毒者求情就是漠视法律 ” ？在十几个人在屋里谈论 “ 敏感话题 “ 都属 ” 寻衅滋事 “ 的社会，法律真的那么神圣？//@张进德微博: 据二审辩护律师斯伟江说，在一审卷宗中也有复旦同学要求判处林森浩死刑的书面材料。所以，求情与求死,0
5846.1966345168985,"#复旦投毒案宣判# 复旦投毒案即将进入二审。日前,177名复旦学子联名写信为凶手求情，已寄往上海高院，建议不要判林森浩死刑，给他一条生路。同学说，林森浩不是极为凶残的人，病人送的红包，林森浩坚决拒收。受害人父亲则称不能接受。凶手是否应该判处死刑引微博网友争议。[思考]",0
5842.953214208998,同学们想强奸法律，哪就扒裤吧！ //【复旦投毒案：177学子联名为投毒者林森浩求情】http://t.cn/8sgCq6u (分享自 @今日头条),2
5842.559566922399,#复旦学子为投毒者求情# 留一命替死者父母养老尽孝的可行性有多少。。。凶手事过后会尽孝吗。。。死者父母看到凶手心中只有恨。。。又怎么会接受。。。都20岁的人怎么这么幼稚。。。还教授发起。。。只能说明学校缺乏法制教育。。。http://t.cn/8sgepRz,0
5835.765991887998,如果这样就可以不判死刑，那所有人都可以先做好人，后做暴徒，求身边人原谅。当然，如果中国没有死刑就是另一回事情了。高材生们如果死刑不合理大可以质疑司判决，不改针对个人产生怜悯。 //【复旦投毒案：177学子联名为投毒者林森浩求情】http://t.cn/8sgltOY (分享自 @今日头条),0
5821.817224790099,【复旦投毒事件嫌犯被刑拘 同窗好友自发“送别”】4月16日下午，复旦大学官方微博发布消息，投毒事件受害者、该校2010级硕士研究生黄洋经抢救无效，于15:23在附属中山医院去世。惨遭投毒的上海复旦大学... http://t.cn/8kxprPV,0
5821.642264303498,没有从轻判决的理由！将来让他去照顾被害人的父母更不靠谱！说什么判死刑损失大，不判死刑损失更大，更坏！ //【复旦投毒案：177学子联名为投毒者林森浩求情】http://t.cn/8sglqMw (分享自 @今日头条),0
5815.917558152299,复旦大学的人都读书都晕头了呢？目前找不到合适语言形容复旦在我心中的形象了！还教授～～高材生～～ //【复旦投毒案：177学子联名为投毒者林森浩求情】http://t.cn/8sgo4Eq (分享自 @今日头条),0
5808.0901195049,请法院在法律框架下依法独立审判，不要受外在任何人的影响！【177复旦学生联名为凶手求“免死” 受害人父亲称不接受】2月18日，复旦投毒案被告人林森浩一审被判死刑。一审判决之后，复旦177名学生签署请求信，请求法院不要判林森浩同学死刑立即执行。 http://url.cn/OUJF2n,0
5808.0901195049,【177复旦学生联名为凶手求“免死” 受害人父亲称不接受】2月18日，复旦投毒案被告人林森浩一审被判死刑。一审判决之后，复旦177名学生签署请求信，请求法院不要判林森浩同学死刑立即执行。受 （分享自 @凤凰网）如此法学院的研究生和教授，怎么能维护法律的尊严和人性的良知？ http://t.cn/8sgCuBN,0
5807.518536718998,发表了博文 《复旦投毒案二审前再起波澜 177位学子联名为投毒者求情》 - 复旦研究生林森浩一审被判处死刑。  &amp;nbsp http://t.cn/8seYanD,0
5807.518536718998,建议死刑 每个人该为自己的所作所为负责 //【复旦投毒案：177学子联名为投毒者林森浩求情】http://t.cn/8sgq7D1 (分享自 @今日头条),0
5806.0869118028995,对《复旦177名学生联名写信为投毒案凶手求情(图)》评论：“呵呵，都是杀人“药杀人和这投毒杀人是不一样的” 真搞笑人都被残忍的杀4了，有什么不同呢？不同又和他是不是判4刑有关么？我不是学法律的，我只觉得中国的法” http://163.fm/PKTgRz4 http://126.fm/PQqB9,0
5793.394809134498,复旦学子们要有点法制意识，做人要有担当，天做孽尤可违自做孽不可活。 //【复旦投毒案：177学子联名为投毒者林森浩求情】http://t.cn/8sgWGKk (分享自 @今日头条),0
5793.394809134498,收藏了 //【复旦投毒案：177学子联名为投毒者林森浩求情】http://url.cn/RBkfRk  (分享自 @headlineapp),7
5793.394809134498,这是他父母做的工作吗？不过希望给个机会 //【复旦投毒案：177学子联名为投毒者林森浩求情】http://t.cn/8sg3g6y (分享自 @今日头条),0
5793.394809134498,道德的底线不容践踏，法律的权威岂容儿戏！ 黄洋死了，可是我们有良心的人还活着！ 杀 //【复旦投毒案：177学子联名为投毒者林森浩求情】http://t.cn/8sguQzX (分享自 @今日头条),0
5793.394809134498,一厢情愿，你不是他，你怎么知道他愿意给黄洋父母尽孝，你不是他父母，你怎么知道他们愿意让杀害自己儿子的人尽孝。我想说天真真好～ //【复旦投毒案：177学子联名为投毒者林森浩求情】http://t.cn/8sgONEL (分享自 @今日头条),0
5793.394809134498,呸!假慈悲! //@青锋白马:我佛慈悲，别让一个家庭的悲剧演化为两个家庭的悲哀[蜡烛]//@曾明超ZMC: [弱] //【复旦投毒案：177学子联名为投毒者林森浩求情】http://url.cn/M72gjc  (分享自 #今日头条#) (分享自 @Qzone) http://url.cn/M72gjc,0
5793.394809134498,这些脑残的二逼，以后你们有了唯一的一个儿子被人家毒死了你会求情吧？你以后没儿没女没孙子了你也会快乐吧！脑残的二逼们！ //【复旦投毒案：177学子联名为投毒者林森浩求情】http://url.cn/KiJK8Q  (分享自 #今日头条#) (分享自 @Qzone) http://url.cn/KiJK8Q,0
5793.394809134498,我在想黄洋的父母如何接受杀子仇人的养老？ //【复旦投毒案：177学子联名为投毒者林森浩求情】http://t.cn/8sg5kw1 (分享自 ),0
5793.394809134498,不行，犯法就应该承担后果，这样才能维护法律的尊严。法律是无情的！如果都去求情，还需要法律干什么？无论是谁，无论什么人，犯法就应该承担法律的制裁！ //【复旦投毒案：177学子联名为投毒者林森浩求情】http://url.cn/K6iz7Y  (分享自 #今日头条#) (分享自 ... http://url.cn/...,0
5793.394809134498,一失足成千古恨，真是悔不当初悲哀 //【复旦投毒案：177学子联名为投毒者林森浩求情】http://url.cn/S7llkE  (分享自 @headlineapp),0
5793.394809134498,很多犯人出来都不悔改，心态这样，很难改的，而且图片上也看不出有什么后悔之意，不赞同 //【复旦投毒案：177学子联名为投毒者林森浩求情】http://t.cn/8sgRepQ (分享自 @今日头条),0
5793.394809134498,【复旦投毒案：177学子联名为投毒者林森浩求情】 (分享自 @今日头条 )已经死去的人我们无法挽回，但对于这个还未成熟的高材生……我觉得社会还是应该宽容的对待！！ http://t.cn/8sgB27z,0
5793.394809134498,这么储心积虑的谋杀计划，他生性一定好不到哪去！心志出问题，最终危及公共安全！ //【复旦投毒案：177学子联名为投毒者林森浩求情】http://url.cn/PZGxK0  (分享自 @headlineapp),0
5793.394809134498,【复旦投毒案：177学子联名为投毒者林森浩求情】 我只能说，如果犯了罪都有人出来求情，那这个世界必然无法维持正常。 http://t.cn/8sgxPR9,0
5793.394809134498,妈的，死的不是你们。。 //【复旦投毒案：177学子联名为投毒者林森浩求情】http://t.cn/8sgLlcg (分享自 @今日头条),2
5793.394809134498,【复旦投毒案：177学子联名为投毒者林森浩求情】悔过能改，善莫大焉！ http://t.cn/8sgzJJo,0
5793.394809134498,这些特级脑残的货!如果毒死的是你们的弟弟丶哥哥丶父亲你还是这样签名求情，那我就佩服你们，用别人痛苦来表现你们那假猩猩的慈悲，什么东西! //【复旦投毒案：177学子联名为投毒者林森浩求情】http://url.cn/OJiu90  (分享自 #今日头条#) (分享自 @Qzone) http://url.cn/O...,0
5793.394809134498,【复旦投毒案：177学子联名为投毒者林森浩求情】 (分享自 @headlineapp ) http://url.cn/P8cFiv,0
5777.003733108299,对《复旦177名学生联名写信为投毒案凶手求情(图)》评论：“177人在10多亿人的国家里不过沧海一粟，可保留看法。死刑确实残忍，但投毒杀岂不更残忍，保持死刑，只是为了活着的人，杀人偿命在现阶段还是有较大作用的，” http://163.fm/RWtYcPa,0
5763.841087578298,对《复旦177名学生联名写信为投毒案凶手求情(图)》评论：“7楼，你的言论表明，要么你是白痴，要么你是有政治目的的。你是真傻，还是装傻？ 那投毒杀人犯本来想让受害者慢性残废终生（那是生不如死，傻呆呆。这将给受害” http://163.fm/6PYj4aC http://126.fm/2dbtUV,0
5748.756277939298,对《复旦177名学生联名写信为投毒案凶手求情(图)》评论：“求情？是要鼓励投毒杀人吗？” http://163.fm/TfTFGuG http://126.fm/ZLuMg,0
5744.754250681199,对《复旦177名学生联名写信为投毒案凶手求情(图)》评论：“你们总说什么他可以赡养死者父母，但死者父母需要他的赡养吗？那都是你们一厢情愿，当死者父母每次一看见他时就又会想起死去的儿子，而害死他们儿子的人现在就站” http://163.fm/3Hd4nzS http://126.fm/1Rs5O2,0
5732.5201660683,【视频哀歌复旦投毒案同室操戈《你好毒》 在线观看 - 酷6视频】哀歌复旦投毒案同室操戈《你好毒》 在线观看，哀歌复旦投毒案同室操戈《你好毒》相煎何太急？！  http://t.cn/zT6cjcN（分享自 @酷6网）,0
5731.496058373601,【复旦177名学生写联名信为投毒案凶手求“免死”】日前，由复旦大学177名学生联合签名的《关于不要判林森浩同学“死刑”请求信》寄往上海市高级人民法院，随之一起的还有另外一份《声明书》。建议给被告人林森浩一条生路。 （分享自 @凤凰网） http://t.cn/8sg7eO4,5
5729.295358715,对《复旦177名学生为投毒者求免死 死者父亲拒接受》评论：“对于复旦大学教授师生的表现，未免太天真了，他们希望国家、社会、法院给林森浩一个重新做人的机会，那么你们中间又有谁可以给黄洋同学一个重新做人的机会呢？杀” http://163.fm/EmXuNJK,0
5723.747661560298,对《复旦177名学生为投毒者求免死 死者父亲拒接受》评论：“最后这案江苏省高级人民法院维持4名被告死刑的判决。我万分支持这个结果。” http://163.fm/aITwZsu http://126.fm/1w8hp7,0
5722.210680825299,今日，惊闻复旦大学117名学生联名上书请求信，为投毒案主人公之一林森浩求情。我感到特别震惊，117名学生处于中国高校顶尖级学府学生，致法律于不顾，用人情代替法律，用人治代替法治，荒谬荒谬啊！我们的栋梁尚且如此，国家实现法治的道路又远矣。,0
5720.090961007499,对《复旦177名学生联名写信为投毒案凶手求情(图)》评论：“可怜之人必有可恨之处！毒从哪来？学校没责任吗？清华投毒案没事，70码撞死人的没事，拿秤砣砸死人的没事，查超碾死车主的没事，不小心做实验毒死个人算啥事？” http://163.fm/U0iDcNG,0
5720.090961007499,对《复旦177名学生联名写信为投毒案凶手求情(图)》评论：“11楼你不搞你的1040工程，抓紧时间发展下线，也来网易喷呀？ 16楼，真是服了你，给人家投毒了还振振有词呢！” http://163.fm/L79o00l,0
5720.090961007499,对《复旦177名学生联名写信为投毒案凶手求情(图)》评论：“其情可悯，其罪可诛。 大家百度搜索文章，网易博客 莲花使者2012 复旦投毒案 天梯上的滑落。有独到见解。” http://163.fm/aYcKTc7 http://126.fm/1uygHg,0
5720.090961007499,对《复旦177名学生联名写信为投毒案凶手求情(图)》评论：“闹剧【背后有幕后推手，法律面前人人平等，到现在了说这些东西有用吗？？？他立过功又能怎样？？？】【这不属于特出情况特出对待，必须按法律办吧！！！用投毒这” http://163.fm/WaMdJX3,0
5712.461405321798,得不到关爱就杀人?呵呵，站着说话不腰疼 || @ZHOUNIZUIBANG198588:人都有犯错的时候。 都是出于嫉妒心里。 林森浩作为一个农村孩子得不到所谓... || #我在看新闻# 《复旦177名学生联名为投毒者求情 死者父亲拒接受》http://url.cn/LJP2Bb,0
5712.461405321798,杀人偿命，如果死的是你的亲人、你还会这样说话么？ ||@c2825274391:林森浩的错造成了另一个家庭的痛苦，我希望原告给她一次做人的机会，不要让第二个家庭在痛苦下去，都是做父母的，互相理解吧！ ||#我在看新闻# 复旦177名学生联名为投毒者求情 死者父亲拒接受 http://url.cn/LJP2Bb,0
5696.8445848117,说的好！如果让这群学生做了官，也是权大于法。 || @pmz9892:这些177名复旦大学生为罪恶求情者！希望任何单位不要录用，善恶不分，颠倒黑白真理，无知畜牲！杀人...  || #我在看新闻# 《复旦学生为投毒案被告求免死》http://url.cn/RR5gSk  来自@newsmobile,0
5683.796088389999,他怎么不早点想想自己的父母？为什么不想想别人的家庭？ || @c2825274391:林森浩的错造成了另一个家庭的痛苦，我希望原告给她一次做人的机会，不要让第二个家庭在痛苦下...  || #我在看新闻# 《复旦177名学生联名为投毒者求情 死者父亲拒接受》http://url.cn/LJP2Bb,0
5671.337932207199,对《复旦177名学生为投毒者求免死 死者父亲拒接受》评论：“7楼的意识要改变是很容易的，就是：请黄森浩把药投给你或你的家人吃就可以了。如果你或者你的家人被毒死了仍然不赞成死刑，才算你有种。” http://163.fm/TTX89Fh http://126.fm/4Y9auy,0
5661.360194862601,#复旦投毒案宣判#【复旦177学子联名写信为凶手求免死】日前，177名复旦学子联名写信为投毒案凶手林森浩求情，希望能给他一条生路。求情信中同学介绍说，他不是极凶残的人。汶川地震时捐出800元，是同学中捐款最多的人之一；病人送的红包，他坚决拒收；还曾热心为农民工服务一周....,0
5657.945052579799,不对他严惩，复旦大学会出现很多林森浩的，只要一联名求情就轻判，哪以后就会有很多的投毒杀人犯。 || #我在看新闻# 《黄洋父亲称不接受请求信内容》  复旦学生签署请求信为投毒案被告求免死，受害者父亲不接受。 http://url.cn/OuciON  来自@newsmobile,0
5657.214204622699,复旦177学生为投毒者林森浩求免死 死者父亲拒接受,2
5657.214204622699,对《复旦177名学生为投毒者求免死 死者父亲拒接受》评论：“是林森浩告诉你的？愚人节可以随便下毒了？” http://163.fm/X1RYePS http://126.fm/3T51z2,0
5655.537738298599,复旦177名学子联名写信为投毒案凶手求情 :不可饶恕的案情！！！这是复旦大学生对死者的交待吗？？？这就是复旦大学生法律意识淡薄的素质体现吗？？？ http://t.cn/8sgw1EA,0
5651.743660168299,#复旦学子为投毒者求情# 认为寝室里欺负人的同学应该受到教训，不过投毒有点手段太辣，不建议这样惩罚同学，应该拉出去痛打他一顿即可。[江南style]http://t.cn/8sgepRz,0
5649.503329091099,医生是救死扶伤的，能做出投毒这种事，人能饶你，天也不饶啊！求情者，复旦的高材生，学医的，你学个锤子医，要是你儿子你能原谅？ 【评】复旦投毒案死者父亲拒绝接受学生联名求情信 http://url.cn/JAkoAH,0
5635.948485532398,#复旦学子为投毒者求情#死刑必须的，因为这已不是人，而是恶魔，本来投毒已是错，可眼看室友命悬一线还不说出实情，耽误治疗，冷漠的看着室友死去，在那么多天的时间里都没觉悟，没有一丝悔意，蛇蝎心肠，此人若不除，以那恶毒之心必祸害大众 http://t.cn/8sgepRz,0
5621.824757947898,#复旦学子为投毒者求情# 每个人都要对自己所做的事情承担后果，你们说他并不是一个极为凶残的人，但是当自己的室友因自己投毒到医院急救室，医生查不出病因的时候，林森在干什么，林森为什么不说出来，他的室友很还是有救的！这还不算穷极凶残吗？你们是林森爸爸请来的水军吧！http://t.cn/8sgepRz,0
5581.292166951099,放你妈的屁 || @tsf4782114:那你们可以继续投毒杀人，反正不用偿命，呵呵  || #我在看新闻# 《复旦学子为投毒者求情无用》 求情信中确有不妥之处，但谈不上漠视法律、危害司法独立。 http://url.cn/PpRyXQ  来自@newsmobile,0
5581.292166951099,#复旦学子为投毒者求情# 斩立决，有什么好求情的。。不是极为凶残的人能故意投毒？这是故意杀人罪！！是否可原谅，由黄洋家人来定。网友与177名学子都没有发言权。http://t.cn/8sgepRz,0
5581.292166951099,#复旦学子为投毒者求情# 矫情 没有多大矛盾就杀人投毒 而且还是自己朝夕相处的人 可恶至极 怎么才算凶残 拿刀捅死才算么 为小事就取人性命 而且不知悔改不予施救 这不算凶残？http://t.cn/8sgepRz,0
5579.208733786599,复旦投毒案二审前再起波澜 177位学子联名为投毒者求情_科教_中国台湾网 http://t.cn/8segWkl,0
5571.813124586499,西方不杀人，前南总统，萨达姆，拉登都是怎么死的，怎么就不见他们谅解呢 //@怊怅丶:一群人说西方多么多么法制，废除了死刑就好像西方国家不会有杀人犯了一样。杀人者偿命我认为是对有杀人倾向的人一个很好的精神上的制止力。。 //【复旦177学生为投毒者求免死 死者父亲拒接受】http://url.cn/KRLXBO,0
5562.369448746099,对《复旦177名学生为投毒者求免死 死者父亲拒接受》评论：“不说什么，就凭受害人抢救的那几天，他不把中毒，中了什么毒说出来，让受害人得不到及时正确的抢救，在医院等死!就该死刑！他可是有几天时间来挽救一条生命啊！” http://163.fm/68mDraF http://126.fm/3jpgag,0
5555.605963837499,大哥，杀人还能长命，估计我要成精咯 || @lala24957:枪毙他！我大力的支持！杀人长命！换做别人杀人再有177个人求情是不是也不用枪毙了？？？？？杀...  || #我在看新闻# 《复旦177名学生联名为投毒者求情 死者父亲拒接受》http://url.cn/LJP2Bb,0
5552.626850019299,名校学子书念傻了？你被害死，你父母该指望害死你的人尽孝？他再次投毒灭门怎么办？ || #我在看今日话题# 《复旦学子为投毒者求情无用》  求情信中确有不妥之处，但谈不上漠视法律、危害司法独立。 http://url.cn/PpRyXQ  来自@newsmobile,0
5552.626850019299,这177个熊孩子的行为表示他们同意并原谅他人给自己投毒一次！还有比这更SB的吗？这群傻X据说还是学法律的，并且是所谓名校复旦的！我对未来中国法制状况几乎绝望！ || #我在看今日话题# 《复旦学子为投毒者求情无用》 http://url.cn/PpRyXQ  来自@newsmobile,0
5552.626850019299,#复旦学子为投毒者求情# 滚你吗的有悔过之心，都成年人了好不好投毒的时候不知道后果么，看到人家喝有毒的水不制止，抢救的时候不告诉医生是什么毒，临死前那叫悔过？那叫害怕啊孩子！ 详情:http://t.cn/8sehB4T,0
5552.626850019299,#复旦学子为投毒者求情# 我好像也不能接受！投毒之前为什么不考虑后果！好歹也是研究生！可能本性不坏不假，但是法律就是这样的，不能有特殊情况吧！http://t.cn/8sgepRz,0
5552.626850019299,#复旦学子为投毒者求情#他做好事的时候阳光灿烂，他投毒的时候夜色很浓。（为什么大家都知道他的好人事迹？这算不算做给别人看的伪善？）,0
5552.626850019299,#复旦学子为投毒者求情# 我一直不明白为什么不公开他投毒的原因呢http://t.cn/8sgepRz,0
5552.626850019299,#复旦学子为投毒者求情#三观不正的科技人才都是不能要的。并且告诫自己，要做一个三观很正的科研人缘，虽然你想投毒简直易如反掌，但是世界很美好，没什么糟心的人和事值得你付出辣么多的心血研究染上阴霾。这种人，死了不可惜。多一个这样的医生才托么是吓人。http://t.cn/8sgepRz,0
5542.1449394238,"对《复旦177名学生为投毒者求免死 死者父亲拒接受》评论：“就事论事,毒杀这种方式性质是非常恶劣的,标准的谋杀.而且不知道毒物来源的话,很难侦破的. 再者从黄同学入院到辞世,如果林同学有任何的人性的话,都” http://163.fm/a9LyP71",0
5538.425969734499,对《复旦177名学生为投毒者求免死 死者父亲拒接受》评论：“1楼的，等你儿子被杀了，杀人犯对你说：“判了我死刑，你儿子也不能复活，所以原谅我吧，我以后代你儿子照顾你。”你TM能同意吗，你有什么资格代表受害人家属” http://163.fm/OamIspr http://126.fm/J4y2G,0
5533.840109012198,"现代人总是这样仇恨，他已经在投毒后非常后悔，要不也不会发短信告诉室友，能绕则绕吧。【复旦177学生为投毒案被告求情】联名寄信上海高院,建议不要判林森浩死刑。http://t.cn/8sdkdM5 （分享自@搜狐新闻客户端）",0
5526.940646905699,他自己做错事就要付出代价，他那么凶残，父母也没教育好他活该痛苦，一定要受惩罚，杀人偿命，不然以后都敢杀人了 || #我在看新闻# 《复旦177名学生联名为投毒者求情 死者父亲拒接受》http://url.cn/LJP2Bb  来自@newsmobile,0
5524.9708209704995,对《复旦177名学生为投毒者求免死 死者父亲拒接受》评论：“有胆请求无胆瀑露姓名，是人吗，不怪复旦出杀人犯” http://163.fm/Ci4YrFe,0
5516.884785731098,杀人都可以不用偿命了。还有人给投毒的人求情，不好意思，我嫉恶如仇，杀人必须偿命。 //@壹读:【复旦177学生联名为投毒案凶手求情，被害父亲不接受】,0
5515.867310190099,杀人必须偿命。不管是什么理由。|| @wen13795355480: #复旦学生联名为投毒者求情#凶犯可能洗心革面，可能重新做人，但黄洋已经没有可能了。一切的可能都是对死者的亵渎。,0
5500.3587631384,对《复旦177名学生为投毒者求免死 死者父亲拒接受》评论：“难道做点好事杀人就不用偿命了，难道家里有了背景杀人就不用受到法律制裁偿。如果是这样的话，那法律用什么工具封闭起来。” http://163.fm/8A1ggpG,0
5499.241155047898,对《复旦177名学生为投毒案被告上书求情始末(图)》评论：“废止死刑不能因某一案件开始，法律是有普遍性的。林森浩投毒案却应该给高校学子们一个警醒。” http://163.fm/PCvKmlv,0
5498.275329973899,我个人认为. 法律应该是公正的. 严肃的. 杀人偿命. 即使你是国家主席也不行。既然你犯下了错. 那就必须得依法处理！ || #我在看新闻# 《复旦177名学生联名为投毒者求情 死者父亲拒接受》 http://url.cn/LJP2Bb  来自@newsmobile,0
5498.275329973899,可以让他妈重生他一回 || @一朵花落倾城:我是粗俗的人，我真不怎么相信杀人犯能改邪归正，除非真的能回炉改造生产过！  || #我在看新闻# 《复旦177名学生联名为投毒者求情 死者父亲拒接受》http://url.cn/LJP2Bb  来自@newsmobile,0
5498.275329973899,还复旦？  还好意思求情？  该吃要药了吧！复旦的学子们……  故意杀人、性质恶劣、社会的败类，本就应该就地正法，绝不姑息—— || #我在看新闻# 《复旦177名学生联名为投毒者求情 死者父亲拒接受》http://url.cn/LJP2Bb  来自@newsmobile,0
5498.275329973899,连杀人都可以为所欲为的话、我看国人的素质你是没机会看到了！我看国人该醒了！！ || #我在看新闻# 《复旦177名学生联名为投毒者求情 死者父亲拒接受》http://url.cn/LJP2Bb  来自@newsmobile,0
5498.275329973899,杀人偿命天经地义！枪毙枪毙枪毙枪毙枪毙枪毙枪毙！！！ || #我在看新闻# 《复旦177名学生联名为投毒者求情 死者父亲拒接受》http://url.cn/LJP2Bb  来自@newsmobile,0
5498.275329973899,杀了你儿子，我不相信你还会放了我，现在说这话只是因为你不是当事人而已你没能体会到失去亲人的感觉 ||@q1459872226:退一步海阔天空.....杀人虽然不对但是得饶人处且饶人.  ||#我在看新闻# 复旦177名学生联名为投毒者求情 死者父亲拒接受http://url.cn/LJP2Bb,0
5498.275329973899,死的不是你不？站着说话不腰疼 || @q1459872226:退一步海阔天空.....杀人虽然不对但是得饶人处且饶人.  || #我在看新闻# 《复旦177名学生联名为投毒者求情 死者父亲拒接受》http://url.cn/LJP2Bb  来自@newsmobile,0
5497.857468211099,对于罪大恶极的人应该保留死刑！但是要慎用死刑！人性本恶，一次罪恶离穷凶极恶还很远！应慎用慎用！ || #我在看新闻# 《复旦177名学生联名为投毒者求情 死者父亲拒接受》http://url.cn/LJP2Bb  来自@newsmobile,0
5496.1918968094,联名的都他妈的傻比吧！你儿子被人毒死了看你还能不能这么宽容！宽容也得有个底线吧！读书读傻了！基本得道德都不懂！那我插你两刀再说对不起你接受么？|| #我在看新闻# 《复旦177名学生联名为投毒者求情 死者父亲拒接受》http://url.cn/LJP2Bb  来自@newsmobile,0
5494.2161952244,尼玛的复旦大学就是培养杀人犯的地方吗？说这种没原则的话来？太让人失望了！ //【复旦177学生为投毒者求免死 死者父亲拒接受】http://t.cn/8sgj9R9 (分享自 @今日头条),0
5492.5865343493,真是幼稚，你们了解自己同学的本质吗，有什么脸求情？羡慕、嫉妒、恨是人之常情，会去残害他人的却很少，如果不是十分的无情，狠毒和没良心，是下不去手的！ //【复旦177学生为投毒者求免死 死者父亲拒接受】http://t.cn/8seuNSa (分享自 @今日头条),0
5492.5865343493,对《复旦177名学生为投毒者求免死 死者父亲拒接受》评论：“这个很有意思，人家儿子死了，你们说不能杀，我们不想失去两个同学，被人骂了两句，又说，请不要人身攻击。 请愿是你们要请的，最后反而怪别人没素质。。” http://163.fm/UPiEniD http://126.fm/34OPyY,0
5492.5865343493,对《复旦177名学生为投毒者求免死 死者父亲拒接受》评论：“这177位同学简直是丧尽天良的狗东西，如果这事发生在你们身上，发生在你们亲人身上，你们还是这样想吗？换位思考一下，你们难道都是冷血残酷的恶魔吗？？？中” http://163.fm/RFMUe9U,0
5487.866910689099,【乱喊“刀下留人”有违法治精神】2月18日，复旦投毒案被告人林森浩一审被判死刑。一审判决之后，复旦177名学生签署请求信，请求法院不要判林森浩同学死刑立即执行。有学生认为，林森浩在学校做了一些好事，不是一个凶残的人，从情理上讲，希... http://163.fm/8Nl3HJ3,0
5485.817173791099,对《复旦177名学生为投毒者求免死 死者父亲拒接受》评论：“如果实证和严格逻辑推理能证实林是故意杀人，则必须判以谋杀重罪，处以相应刑罚，如果不能则按最合理的罪名入刑，我本人反对死刑，但坚决反对以林是研究生身份、” http://163.fm/OzWAORE,0
5484.193388565699,你脑子让驴踢了吧！ || @xiaomikeji3123:“我们不能为了惩罚一个人而必须剥夺他的生命”;看到这个事件经过，非常悲痛，性格的不...  || #我在看新闻# 《复旦177名学生联名为投毒者求情 死者父亲拒接受》http://url.cn/LJP2Bb  来自@newsmobile,0
5483.733740626599,关键是使逝者的父母亲人等也认识到：宽恕应该也是黄洋的心愿，因为他确实也是个很善良的人。所以，宽恕更能化解伤痛。。 /爱心 @wb1074685449: #复旦学生联名为投毒者求情#即使判决死刑，也挽回不了逝去孩子的生命。何不给活着的孩子一个活的机会呢？但是，如果他不死，死者的父母又是什么样的心情呢？,0
5483.733740626599,我杀了你妈是不是也能得到原谅！ || @jiangyi4666:有些仇必报，有些怨可解。前不久伊朗一个死刑犯在临刑前也得到了对方母亲原谅免于一死。中国人...  || #我在看新闻# 《复旦177名学生联名为投毒者求情 死者父亲拒接受》http://url.cn/LJP2Bb,3
5483.733740626599,我觉得一命偿一命是应该，如果没有死刑，也应该终身监禁，一个这么高学历的坏人放出来还是有危险的，他是蓄意，而且眼睁睁看着被他毒害的人一天天生命垂危也不为所动，他有给黄洋活过的机会吗？ || #我在看新闻# 《复旦177名学生联名为投毒者求情 死者父亲拒接受》http://url.cn/LJP2Bb,0
5479.6746058771,复旦大学的这些师生的这些做法值得深思，死刑是轻的，看来他们是罪犯的同谋！ //【复旦177学生为投毒者求免死 死者父亲拒接受】http://t.cn/8seN02v (分享自 @今日头条),0
5477.627083239099,对《复旦177名学生为投毒者求免死 死者父亲拒接受》评论：“黄洋平时抢先做事，水桶里若水快没了他一般抢先更换。 若还有剩水，他也会倒入自己水杯做到不浪费，但就是这一助人为乐的好习惯被卑鄙邪恶的室友所利用，” http://163.fm/a5wW9aC,0
5474.7116516901,复旦投毒案凶手内疚害死室友：做梦都在说对不起】2月18日，林森浩在上海市二中院等待一审宣判。随后，法官宣布了死刑判决。 新华社记者 裴鑫 摄 ■ 对话人物 林森浩 “复旦投毒案”被告人。28岁，广东潮汕人。2013年3月31日，林森浩将剧毒化学品二甲基亚硝胺注入室内的饮水机，导致次日同寝室同... http://...,4
5471.693446206599,死的人都死了，搞了一年多一个刑还没判下来，都多活这么久了。杀人偿命！搞这些请愿书干嘛，好人要死了没见你们搞个请愿书给主席申请救活，哦，现在来发挥法律知识，现在正义感冒出来了，操，作秀，就是作死 //【复旦177学生为投毒者求免死 死者父亲拒接受】http://t.cn/8seNHLp (分享自 @今日头条),0
5471.693446206599,"对《复旦177名学生为投毒者求免死 死者父亲拒接受》评论：“杀人偿命,要怪就怪你没背景” http://163.fm/BBSCjYs",2
5471.693446206599,对《复旦177名学生为投毒者求免死 死者父亲拒接受》评论：“那也强过你，不值一提的追求所谓的正义，而忘记自己也是一个父亲，当你的儿子过失犯错杀人，当你儿子被人杀时，你除了想尽一切办法追求正义，但是却没办法面对正” http://163.fm/EwJ6RbE http://126.fm/31h5Ml,0
5471.693446206599,对《复旦177名学生为投毒者求免死 死者父亲拒接受》评论：“医者父母心，为什么他却去杀人？！他不死，谁死？” http://163.fm/EAfyUWg,0
5471.693446206599,对《复旦177名学生为投毒者求免死 死者父亲拒接受》评论：“杀人——意味着什么——懂吗？ 去人家不小心打翻个杯子和杀了人家的儿子的区别是什么——明白么？ 去你妈了隔壁——看得明白是什么意思么” http://163.fm/X20xVZV,1
5471.693446206599,不行 杀人偿命 欠债还钱天经地义 何况还是杀得我们四川人 //【复旦177学生为投毒者求免死 死者父亲拒接受】http://url.cn/QVMPJo  (分享自 @headlineapp),0
5471.693446206599,对《复旦177名学生为投毒者求免死 死者父亲拒接受》评论：“别尼玛自古杀人偿命了，当初刘少奇是谁弄死的，那个人偿命了吗？” http://163.fm/4ZfTgCz http://126.fm/2QmxX,0
5471.693446206599,对《复旦177名学生为投毒者求免死 死者父亲拒接受》评论：“杀人偿命，欠债还钱。天经地义！” http://163.fm/OZEH00O http://126.fm/icd59,0
5471.693446206599,对《复旦177名学生为投毒者求免死 死者父亲拒接受》评论：“7楼在到处为杀人者辩护，同时还在辱骂别人” http://163.fm/TymHy9c http://126.fm/2bRT3u,0
5471.693446206599,对《复旦177名学生为投毒者求免死 死者父亲拒接受》评论：“既然有水平考上复旦，说明此生智商没问题。为何做事前不会考虑后果！“杀人偿命”永恒不变！” http://163.fm/8UpJjII,0
5471.693446206599,杀人尝命 //【复旦177学生为投毒者求免死 死者父亲拒接受】http://url.cn/MLT9pA  (分享自 @headlineapp),4
5471.693446206599,对《复旦177名学生为投毒者求免死 死者父亲拒接受》评论：“杀人偿命，欠债还钱。自古以来都是这样，某些人电视看多了?想无法无天？” http://163.fm/8nwobVo,0
5471.693446206599,对《复旦177名学生为投毒者求免死 死者父亲拒接受》评论：“其实我是顶错了。 自卫不当这个定义根本不科学。有人要杀我了，我自卫的时候还得掂量着下手是不是太重了？杀人要么是自卫，要么是完全的过失，不然就是谋” http://163.fm/XI7TYPe http://126.fm/28sJAI,0
5471.693446206599,|| @多拉0228: 杀人偿命，天经地义！！不知道能杀死人，那你投什么毒，目的何在？？那么多抢救的机会，为什么不把握住？？ //【复旦177学生为投毒者求免死 死者父亲拒接受】http://t.cn/8sgRRAc (分享自 @今日头条),0
5471.693446206599,对《复旦177名学生为投毒者求免死 死者父亲拒接受》评论：“严义明你的思维是什么？老鼠药吃死的人还少么！该犯罪嫌疑人其目的就是把人毒死！其行为就是蓄意、故意杀人，从手段到目的完全一致，最终致人死亡！更何况在抢救” http://163.fm/bEtbOI2 http://126.fm/lDPHs,0
5471.693446206599,对《复旦177名学生为投毒者求免死 死者父亲拒接受》评论：“自古以来下毒都非君子所为， 你看武侠小说里面，下毒都是反面角色，猥琐，阴险，恶毒。霍元甲都是被人下毒死得。 下毒杀人岂是大丈夫所为。<br” http://163.fm/7FTfFkn http://126.fm/2xdH13,0
5471.2755844438,对《复旦177名学生为投毒者求免死 死者父亲拒接受》评论：“07年的一个帖子，现在不知有多大变化。 对所有罪行废除了死刑的国家和地区： 86个。43.9% 对普通罪行废除了死刑的国家和” http://163.fm/4UydaZ8 http://126.fm/4aZ9x4,0
5471.2755844438,对《复旦177名学生为投毒者求免死 死者父亲拒接受》评论：“死刑，立即执行！如有疑义或不同意的一同死刑！” http://163.fm/AhmKLoY,0
5469.610013042099,冤冤相报何时了       可能他也是一时被利益而蒙蔽吧！ || #我在看新闻# 《复旦177名学生联名为投毒者求情 死者父亲拒接受》http://url.cn/LJP2Bb  来自@newsmobile,0
5469.610013042099,有钱能使鬼推磨，法律不外乎人情，现在的官啊只要你有钱啥都好商量，日你妈狗官 || #我在看新闻# 《复旦177名学生联名为投毒者求情 死者父亲拒接受》http://url.cn/LJP2Bb  来自@newsmobile,0
5469.610013042099,支持黄洋爸爸，让林浩森得到应有的报应。如果能悔悟，当初在黄洋毒性发作时为何不说出真相呢？这就叫悔悟吗？那黄洋的死就不冤吗？不是任何人都值得我们去同情，去饶恕。 || #我在看新闻# 《复旦177名学生联名为投毒者求情 死者父亲拒接受》http://url.cn/LJP2Bb,0
5469.610013042099,杀你家人呢？ || @彩云飞:我觉得应该给林森一个几会、让他悔过  || #我在看新闻# 《复旦177名学生联名为投毒者求情 死者父亲拒接受》http://url.cn/LJP2Bb  来自@newsmobile,0
5469.610013042099,活着也许能更好的赎罪！希望原告能给与宽容…… || #我在看新闻# 《复旦177名学生联名为投毒者求情 死者父亲拒接受》http://url.cn/LJP2Bb  来自@newsmobile,1
5469.610013042099,他是性格上的偏向吗？若是向你们说的那样？那么多这种事，难道都要去原谅？不是说什么有仇必报，都像他们那样之别人的生命不当回事还能得到原谅？想想这样的国家会成什么样？用你们的弱智去想吧？ || #我在看新闻# 《复旦177名学生联名为投毒者求情 死者父亲拒接受》http://url.cn/LJP2Bb,0
5469.610013042099,#复旦学生联名为投毒者求情#不是为了死者复活，是为活着的人做榜样 || @lianpeng: 杀了他，黄洋就能复活？痛苦就能少一些？终身监禁（非中国的无期徒刑，除非被证明冤枉否则不能减刑、保释），不也是惩罚吗？ || @Babyfacezhoujin: 死的人都白死了吗？你儿子是儿子，别人的儿子是孙子吗？,1
5469.610013042099,他死不死跟你们有什么关系，要别人死你没有这个权利。你们也不见得好多少， || #我在看新闻# 《复旦177名学生联名为投毒者求情 死者父亲拒接受》http://url.cn/LJP2Bb  来自@newsmobile,0
5469.610013042099,这177个2B和那禽兽，应该一起拿去枪毙了，要是秦始皇年代，求者同罪，重者诛九族，，，那时候咱们中国多强大呀，就是有了你们这些书呆子败类|| #我在看新闻# 《复旦177名学生联名为投毒者求情 死者父亲拒接受》http://url.cn/LJP2Bb  来自@newsmobile,0
5469.610013042099,这可是高素质的校园，死一万次都不够。也让他父母知道失去孩子的痛苦，是个文盲就罢了，而且是专业性的，早知如此何必当初？应该连求情的人一起判罪定罚… || #我在看新闻# 《复旦177名学生联名为投毒者求情 死者父亲拒接受》http://url.cn/LJP2Bb  来自@newsmobile,0
5469.610013042099,法网恢恢疏而不漏，法律是无情的不因人情而改变|| #我在看新闻# 《复旦177名学生联名为投毒者求情 死者父亲拒接受》http://url.cn/LJP2Bb  来自@newsmobile,0
5469.610013042099,复旦177名学生联名为投毒者求情 死者父亲拒接受  - http://t.cn/8sgQbyh,0
5469.610013042099,你他妈有病啊！人渣也留把你家人谋刹了，你还这么说吗？ || @ZLKLXF888:一个人的死已经给家庭带来了不幸，何必还要造成另一个家庭的不幸，他的行为，虽然可恨，但请给他一...  || #我在看新闻# 《复旦177名学生联名为投毒者求情 死者父亲拒接受》http://url.cn/LJP2Bb,0
5469.610013042099,他不死不会改变什么，但如果不杀他，这个社会一定会改变很多。 || @HLJ_hghtl525:变态 || #我在看新闻# 《复旦177名学生联名为投毒者求情 死者父亲拒接受》http://url.cn/LJP2Bb  来自@newsmobile,0
5469.610013042099,背后可是两个家庭的悲哀。每个人观点不一样，说法不一样，为逝去的孩子祈祷。大家不要攻击另一个孩子，他会有法律的惩治。 || #我在看新闻# 《复旦177名学生联名为投毒者求情 死者父亲拒接受》http://url.cn/LJP2Bb  来自@newsmobile,0
5469.610013042099,本人认为是辩护人的一招。借尸还魂而已 || #我在看新闻# 《复旦177名学生联名为投毒者求情 死者父亲拒接受》http://url.cn/LJP2Bb  来自@newsmobile,0
5469.610013042099,对《复旦177名学生为投毒者求免死 死者父亲拒接受》评论：“这177个伪善的家伙，你们这么做你们的家里人知道吗，小心他们遭遇各种横死！如果你们不撤销那个所谓的联名书，这个咒语很灵验的！” http://163.fm/EM3EyF9,0
5469.610013042099,我把你杀了，你是不是能原谅我？能的话我去东莞找你。 || @guduwanou2012:古人有一句话:知错能改，善莫大焉。就是告诉我们要给犯错的人一个改过的机会。我们不能因...  || #我在看新闻# 《复旦177名学生联名为投毒者求情 死者父亲拒接受》http://url.cn/LJP2Bb,0
5469.610013042099,#复旦学生联名为投毒者求情#谁能给死者一次复活的机会呢？,0
5469.610013042099,从情理和失子老人的悲痛讲，实在不能容忍，如果凡事都能原谅，且也都会找个理由，那还有公平吗，那这个世界谁还会顾及法律吗？ || #我在看新闻# 《复旦177名学生联名为投毒者求情 死者父亲拒接受》http://url.cn/LJP2Bb  来自@newsmobile,0
5465.5508782926,对《复旦177名学生为投毒者求免死 死者父亲拒接受》评论：“复旦大学？我看是垃圾学校，这样的学校简直没有生存的必要！！！” http://163.fm/5ATjsz1,0
5465.5508782926,对《复旦177名学生为投毒者求免死 死者父亲拒接受》评论：“去年大雨，以土木工程闻名的同济大学被淹的水漫金山。今天以法律出名的复旦大学又出来秀下限。北京和上海的高等学府相互比谁更贱么” http://163.fm/ELq3wuu,0
5460.1282761665,【复旦投毒案凶手内疚害死室友：做梦都在说对不起】在“复旦投毒案”被害人黄洋中毒身亡一年后，此案即将进入二审。此前一审宣判：被告人林森浩死刑，剥夺政治权利终身。随后林森浩委托辩护律师提起上诉。律师斯伟江表示林森浩回答每个问题反应都很快：“他很平静，回答几乎不假思索”。via 新京报,0
5458.1129389138,对《复旦177名学生为投毒者求免死 死者父亲拒接受》评论：“现实社会的缩影，177个人自以为代表了受害者家属” http://163.fm/RQZlS2J http://126.fm/2Wn0qV,0
5458.1129389138,对《复旦177名学生为投毒者求免死 死者父亲拒接受》评论：“签名的一人出20W给受害者父母先。看他们还BB” http://163.fm/TtvmfcM,0
5457.611504798399,对《复旦177名学生为投毒者求免死 死者父亲拒接受》评论：“之前不是有个往黄浦江扔死猪的事件么？照一楼的说法：1.罪行是严重的；2.死猪扔进江里，已被稀释千万倍，从主观上可能并不想对上海人民造成多大伤害，拟乱扔” http://163.fm/EEnC7u5 http://126.fm/12Sg3J,0
5457.151856859299,对《复旦177名学生为投毒者求免死 死者父亲拒接受》评论：“只要中国还没有废除死刑，想这样的人就应该枪毙！！！！！！！！！！！！！！！” http://163.fm/R39HwIb http://126.fm/4EuCeg,0
5457.151856859299,对《复旦177名学生为投毒者求免死 死者父亲拒接受》评论：“七十码的新闻，目前已经被屏蔽 而一个判死缓坐牢几十年，还是死刑直接给个痛快的新闻 却让网民争的脸红脖子粗，说你们傻逼呢？还” http://163.fm/JJI89za,0
5457.151856859299,现在杀个人好像比杀只鸡还随便，弄得人去火车站都怕，再不判他死刑还要不要好人活了！ //【复旦177学生为投毒者求免死 死者父亲拒接受】http://t.cn/8secQhs (分享自 @今日头条),0
5457.151856859299,对《复旦177名学生为投毒者求免死 死者父亲拒接受》评论：“傻，明显是贪官派出来的，你猜在天朝废除死刑对那些群体最有利？” http://163.fm/Pc1XpnY http://126.fm/B7lgc,0
5455.3132651027,对《复旦177名学生为投毒者求免死 死者父亲拒接受》评论：“一位成都地产商称，2003年，哈尔滨帮刚进入成都，当地地产商人对其并不了解。当时他还奇怪政府为什么要把这两个本应由政府承担的巨大工程让给一家非国资公司” http://163.fm/PrCiY8v,0
5443.0281292747995,对《复旦177名学生为投毒者求免死 死者父亲拒接受》评论：“众鼎·煌金城将于2014年5月耀世登场，嘉年华活动正式引爆，全城热动，盛大的豪车超模花车巡游，盛大的亮相典礼，66克黄金抽奖等多彩的互动体验活动！欢迎” http://163.fm/WS8WeW2,0
5443.0281292747995,对《复旦177名学生为投毒者求免死 死者父亲拒接受》评论：“一个出产AV数目巨大到可以跟一个国家比美的学校本来就是一个天大的笑话，现在只不过是在这个天大的笑话上再徒添一笑而已！” http://163.fm/1yRkSkv http://126.fm/3Y2WYg,0
5443.0281292747995,【复旦177学生为投毒者求免死 死者父亲拒接受】http://t.cn/8seEBBV (分享自 @今日头条),2
5443.0281292747995,对《复旦177名学生为投毒者求免死 死者父亲拒接受》评论：“楼上，你的言论，只能说明你狗养的，会讲人话吗？” http://163.fm/BtgBbtx,0
5443.0281292747995,复旦177学生为投毒者求免死 死者父亲拒接受——分享自环球网@环球网 http://url.cn/Nu0sc5,0
5443.0281292747995,对《复旦177名学生为投毒者求免死 死者父亲拒接受》评论：“问题是现在的医院都没医德啊” http://163.fm/Jp8o6jg http://126.fm/3QqmU6,0
5443.0281292747995,对《复旦177名学生为投毒者求免死 死者父亲拒接受》评论：“想想如果这件事发生在这177人的身上，他们父母会么样？无知，还北大学子呢，读这么高的书白读了，尤其这么高学历的人犯罪，犯了这么伤天害理的罪，就应该立即” http://163.fm/EnCFzpj,0
5443.0281292747995,对《复旦177名学生为投毒者求免死 死者父亲拒接受》评论：“枪毙，如此心理素质，哪个公司敢收他？自己创业？哪个人敢跟他干？都得小心被毒死啊” http://163.fm/WSTIkT7 http://126.fm/PPW6X,0
5443.0281292747995,只有经历过别人的痛楚才有发言权。 //【复旦177学生为投毒者求免死 死者父亲拒接受】http://t.cn/8se9mbx (分享自 @今日头条),0
5443.0281292747995,对《复旦177名学生为投毒者求免死 死者父亲拒接受》评论：“你真逗，看清楚我是在回复5楼的，呵呵” http://163.fm/aX7yAZb http://126.fm/1RTp5O,0
5443.0281292747995,【复旦177学生为投毒者求免死 死者父亲拒接受】 (分享自 @今日头条 )一一不原谅。没有忏悔，宽恕就毫无意义。 http://t.cn/8sexOK5,0
5443.0281292747995,对《复旦177名学生为投毒者求免死 死者父亲拒接受》评论：“这就说明人家西方是有信仰的，中国的信仰是什么？中国思维方式就是一命抵一命么？这是信仰么？公平！什么是公平？拿生命抵生命是公平么？无非两败俱伤，两个家庭” http://163.fm/RHeyAbG http://126.fm/3urFBk,0
5443.0281292747995,对《复旦177名学生为投毒者求免死 死者父亲拒接受》评论：“那177個黄毛头被人卖了还帮人数钱。试问，他们的父母被人无缘无故毒死了，他们还说这种混帐话吗？ 真是脑子被驴踢了。最坏就是那个狗屁法学院教授，难道他不” http://163.fm/2YpNplR http://126.fm/44zrC9,0
5443.0281292747995,死不死，咱没权决定，说了，也不算。但事情肯定没这么简单！除恶扬善，是人心所向， //【复旦177学生为投毒者求免死 死者父亲拒接受】http://url.cn/NWxubo  (分享自 @headlineapp),0
5443.0281292747995,#复旦学子为投毒者求情#复旦有了这177名“有善心”的学子是真的火了啊…真想知道复旦都教了些什么才能教出这177名这么的“善良”学生啊！你们说这些话的时候想过死去的人吗？！想过死者的亲属吗？！想过这些事发生在你们身上的话你会怎么办吗？！原谅？！你们是圣母星派来的逗逼吧？！复旦也该反思了！,0
5443.0281292747995,对《复旦177名学生为投毒者求免死 死者父亲拒接受》评论：“是非不分，黑白莫辩；如此学子，教育之痛。 ” http://163.fm/CkBF54R,0
5443.0281292747995,对《复旦177名学生为投毒者求免死 死者父亲拒接受》评论：“收藏” http://163.fm/7iiJPzN,21
5443.0281292747995,对《复旦177名学生为投毒者求免死 死者父亲拒接受》评论：“分读书不傻，社会常识是傻子。” http://163.fm/byPf0sX,0
5443.0281292747995,对《复旦177名学生为投毒者求免死 死者父亲拒接受》评论：“故意而非过失，为何求免死？” http://163.fm/FOarr3V,0
5443.0281292747995,对《复旦177名学生为投毒者求免死 死者父亲拒接受》评论：“一个心胸狭窄睚眦必报恶毒的人留下就是个祸害！” http://163.fm/QVpcJPO http://126.fm/47aEc9,0
5443.0281292747995,对《复旦177名学生为投毒者求免死 死者父亲拒接受》评论：“坐看复旦177个SB的笑话…… 如果情大于法，要法律何用？人大没事干吗？孔明为何挥泪斩马谡？难道孔明没有感情？ 轻重不分的177个” http://163.fm/BFjLmeB,0
5443.0281292747995,对《复旦177名学生为投毒者求免死 死者父亲拒接受》评论：“呵呵 傻蛋 你不懂就不要丢人了 法盲吧 药算是先交通肇事后行凶 有过许多交通肇事后把行人假装送医 然后拉到荒郊野外仍掉 都没判死 药的性质” http://163.fm/b2GvjUx http://126.fm/20SdPA,0
5443.0281292747995,对《复旦177名学生为投毒者求免死 死者父亲拒接受》评论：“要是没医院，林某就能给黄解毒吗？ 医院也是尽了最大的努力， 肥是态度这位，没事你也来点N-亚硝基二甲胺，这回在你之前有案例了，看医院能不能救回来！” http://163.fm/Wa59fTQ,0
5443.0281292747995,"对《复旦177名学生为投毒者求免死 死者父亲拒接受》评论：“中国人 什么时候,能让自己的情怀更宽容,这个国家的国民素质就提升了,现在的国民物质生活提高了,但是人文素质却没有提高,景区丢垃圾,见利忘义,渊源相报.” http://163.fm/4cEFPgK",0
5443.0281292747995,对《复旦177名学生为投毒者求免死 死者父亲拒接受》评论：“就是啊，让杀儿仇人赡养，说不定哪天被害都不知道” http://163.fm/Zm8EQNf http://126.fm/TU54g,0
5443.0281292747995,对《复旦177名学生为投毒者求免死 死者父亲拒接受》评论：“这些人还有世界观吗？？不要侮辱斯文了！世界观是建立在宏观之上的，自私自利的人谈何宏观呢？” http://163.fm/5sVUyMx http://126.fm/31tScu,0
5443.0281292747995,对《复旦177名学生为投毒者求免死 死者父亲拒接受》评论：“复旦里面还有人类吗，鸟人里面的精英都是说鸟语的。” http://163.fm/H5qduKt http://126.fm/37MT1z,0
5443.0281292747995,对《复旦177名学生为投毒者求免死 死者父亲拒接受》评论：“177个考上复旦的败类，早晚会成为社会的不安定因素，应该公开其姓名籍贯，让社会早做防范” http://163.fm/C6EzzuW http://126.fm/1E25q6,0
5443.0281292747995,我觉得中国的教育，可以向心理方面稍微偏移一点 //【复旦177学生为投毒者求免死 死者父亲拒接受】http://t.cn/8sgj7wx (分享自 @今日头条),0
5443.0281292747995,对《复旦177名学生为投毒者求免死 死者父亲拒接受》评论：“那是不是我做了好多有益的事情，我本身又是高才生，那我杀你一家，你原谅我吗” http://163.fm/R0CibV http://126.fm/44QM8d,0
5443.0281292747995,对《复旦177名学生为投毒者求免死 死者父亲拒接受》评论：“请问你的例子在哪里？？我怎么看不到？？？你绝对是穿越错勒，麻烦你继续穿越吧！！人家国外可能培育一个硕士生很不简单，特别是落后的国家，但是在天朝，对不起” http://163.fm/VItsTpM http://126.fm/w0sg,0
5443.0281292747995,【复旦177名学生为投毒者求免死 死者父母拒绝】 (分享自 @Qzone) http://url.cn/O0VgeF,1
5443.0281292747995,对《复旦177名学生为投毒者求免死 死者父亲拒接受》评论：“前提是你能找到177个人请愿，呵呵············” http://163.fm/cDhaVoI,0
5443.0281292747995,对《复旦177名学生为投毒者求免死 死者父亲拒接受》评论：“人品永远是第一，学术再高坏了良心害人害己，甚至误国” http://163.fm/MJuaKwy http://126.fm/2zoEj,0
5443.0281292747995,对《复旦177名学生为投毒者求免死 死者父亲拒接受》评论：“如果人情可以代替法律，很多罪犯可以征集到数千人，甚至上万人签名” http://163.fm/5PImYko http://126.fm/mcBJR,0
5443.0281292747995,对《复旦177名学生为投毒者求免死 死者父亲拒接受》评论：“绍兴市网友你别掉老周的人啦..” http://163.fm/2esFEAM http://126.fm/P9HbH,0
5443.0281292747995,对《复旦177名学生为投毒者求免死 死者父亲拒接受》评论：“SB，我说你聪明，是不是表示其他几十亿人说你SB啊” http://163.fm/32iMPuW http://126.fm/1NJWag,0
5443.0281292747995,对《复旦177名学生为投毒者求免死 死者父亲拒接受》评论：“那位复旦教授恐怕有政治目的，唯恐天下不乱？ 煽动那些涉世甚浅的臭屁孩们搞搞震，简直就是亵渎宪法，亵渎法律，强奸公众的智商。 复旦的思想教育怎么了？！复” http://163.fm/23SJ1l4 http://126.fm/26Ykl0,2
5443.0281292747995,对《复旦177名学生为投毒者求免死 死者父亲拒接受》评论：“就你这泪流满面的德性现在绝望好了！” http://163.fm/IxtKwMC http://126.fm/3TyWt4,0
5443.0281292747995,对《复旦177名学生为投毒者求免死 死者父亲拒接受》评论：“请问这177个签字者，如果毒死的是你的亲人，你还会签字吗？” http://163.fm/JUJwFaJ http://126.fm/2CQQ44,0
5443.0281292747995,对《复旦177名学生为投毒者求免死 死者父亲拒接受》评论：“文革遗留，又给人扣帽子了。” http://163.fm/ZaMT3sf http://126.fm/1cV648,0
5443.0281292747995,从古到今法大于情，王子犯法得与民同罪，法不容情 //【复旦177学生为投毒者求免死 死者父亲拒接受】http://url.cn/S1GCp1  (分享自 @headlineapp),0
5443.0281292747995,对《复旦177名学生为投毒者求免死 死者父亲拒接受》评论：“惠东流行地方保护，群策群力 法不责众” http://163.fm/CKa0KVQ http://126.fm/15TE2w,0
5443.0281292747995,对《复旦177名学生为投毒者求免死 死者父亲拒接受》评论：“自古二楼。。。。。。南京有奇葩的司法制度，也有奇葩的二楼。” http://163.fm/7Jnbzdq,0
5443.0281292747995,只能说律师太阴险，拿复旦师生当枪使， //【复旦177学生为投毒者求免死 死者父亲拒接受】http://t.cn/8sgnghp (分享自 @今日头条),0
5443.0281292747995,天作孽，不可违。自作孽，不可活！——残害他人的时候，自己是怎么想的？！任何人都没有权利去践踏法律的尊严！ //【复旦177学生为投毒者求免死 死者父亲拒接受】http://url.cn/Qq5gpM  (分享自 #今日头条#) (分享自 @Qzone) http://url.cn/Qq5gpM,1
5443.0281292747995,对《复旦177名学生为投毒者求免死 死者父亲拒接受》评论：“说得太对！国失去正义才是最可怕！” http://163.fm/8Ed54wO http://126.fm/2NlYxP,0
5443.0281292747995,对《复旦177名学生为投毒者求免死 死者父亲拒接受》评论：“如果毒死的是你的儿子呢？？你也会宽宏大量吧 大义灭亲” http://163.fm/23u596n http://126.fm/1BfIVT,0
5443.0281292747995,对《复旦177名学生为投毒者求免死 死者父亲拒接受》评论：“本质是个善良的人？？” http://163.fm/WijaN6s http://126.fm/4TWOxK,2
5443.0281292747995,对《复旦177名学生为投毒者求免死 死者父亲拒接受》评论：“看了你的见解，我觉得你可以去吃4了” http://163.fm/DrUPJwH,0
5443.0281292747995,对《复旦177名学生为投毒者求免死 死者父亲拒接受》评论：“这177人没有是非能力，支持去死。” http://163.fm/3LjXE0X http://126.fm/1j9W6A,0
5443.0281292747995,复旦177名学生为投毒者求免死 死者父亲拒接受_网易新闻中心 http://t.cn/8sg96Wv,0
5443.0281292747995,死，不死迟早都会有其他事情要发生。 //【复旦177学生为投毒者求免死 死者父亲拒接受】http://t.cn/8sgYkdj (分享自 @今日头条),0
5443.0281292747995,唉！做事就要想到后果，成年人了。做了就该负责。别把事当儿戏。 //【复旦177学生为投毒者求免死 死者父亲拒接受】http://url.cn/OH0UGS  (分享自 @headlineapp),0
5443.0281292747995,对《复旦177名学生为投毒者求免死 死者父亲拒接受》评论：“简直就是tmd177名傻逼。听说某主席跟你们是校友，你们让某主席情何以堪！！” http://163.fm/Luy1TtO,0
5443.0281292747995,对《复旦177名学生为投毒者求免死 死者父亲拒接受》评论：“什么冤冤相报？？这是法律。一楼糊涂蛋。” http://163.fm/EIno1SL,0
5443.0281292747995,对《复旦177名学生为投毒者求免死 死者父亲拒接受》评论：“我一直怀疑现在的大学到底教些啥玩意！也为我的孩子将来要不要上大学而纠结，看来，现在已经有答案了！” http://163.fm/7kxJ6Ta,0
5443.0281292747995,对《复旦177名学生为投毒者求免死 死者父亲拒接受》评论：“你还相信天朝的无期徒刑，打败你的不是天真是无鞋啊” http://163.fm/TKT3oAy http://126.fm/2CrERI,0
5443.0281292747995,对《复旦177名学生为投毒者求免死 死者父亲拒接受》评论：“心狠手毒的人往往拥有好的社交圈子，他们以种种名义欺负弱者，我欣赏逝者父亲的态度，行凶者必须付出代价” http://163.fm/ZA09p4x,0
5443.0281292747995,对《复旦177名学生为投毒者求免死 死者父亲拒接受》评论：“贱到海枯石烂” http://163.fm/Pw3cD7d http://126.fm/c5wdm,2
5443.0281292747995,对《复旦177名学生为投毒者求免死 死者父亲拒接受》评论：“直接斩立决！如果有松动，今后的危害会更大！” http://163.fm/j3l5do,0
5443.0281292747995,对《复旦177名学生为投毒者求免死 死者父亲拒接受》评论：“你个2B 生下来的时候被袋鼠夹了脑袋 鉴定完毕” http://163.fm/F8rTMiT,0
5443.0281292747995,对《复旦177名学生为投毒者求免死 死者父亲拒接受》评论：“别忘了 黄当时没死 在医院躺着林都没有告诉医院是什么毒 他心里就是想着要毒死黄的” http://163.fm/QRMWk8s http://126.fm/3QY02e,0
5443.0281292747995,对《复旦177名学生为投毒者求免死 死者父亲拒接受》评论：“不能说这是教育改革的失败，然而如今既然还有177名这样的举动.复旦---你失败了！” http://163.fm/R9HMb8f,0
5443.0281292747995,对《复旦177名学生为投毒者求免死 死者父亲拒接受》评论：“如果他不凶残，为什么会在饮水里投放那么多毒药？如果他不凶残，为什么不制止黄洋喝水？如果他不凶残，为什么当黄洋躺在病床上呻吟的时候，不告诉医生他中了什么” http://163.fm/O0Zp7To http://126.fm/W3x50,0
5443.0281292747995,对《复旦177名学生为投毒者求免死 死者父亲拒接受》评论：“什么是典型的例子？难道“药加锌”的例子还不够典型吗？ 什么是历史意义？” http://163.fm/BJ5uP1P http://126.fm/4WpkwP,0
5443.0281292747995,对《复旦177名学生为投毒者求免死 死者父亲拒接受》评论：“吐还吐，顶还顶，吐也要顶。” http://163.fm/P3OEkbd http://126.fm/6oyK,0
5443.0281292747995,对《复旦177名学生为投毒者求免死 死者父亲拒接受》评论：“今天是中国驻南斯拉夫大使馆被美炸十五周年！ 177条猪，15年前的现在的此时此刻， 成都的美领馆不是被市民烧了吗？ ” http://163.fm/WEon8CC,0
5443.0281292747995,对《复旦177名学生为投毒者求免死 死者父亲拒接受》评论：“厉害厉害·······敢问黄父生他孩子出来是不是也有过错呢？？毕竟让人家的“实验”弄失败了！！！楼上这些人真TM死不足惜！” http://163.fm/bblyfvf,0
5443.0281292747995,对《复旦177名学生为投毒者求免死 死者父亲拒接受》评论：“拿法律当儿戏么？死的是你爹，你也会去签名么” http://163.fm/WzSwlj7,0
5443.0281292747995,对《复旦177名学生为投毒者求免死 死者父亲拒接受》评论：“是啊，如果他还不知悔改，在杀也不迟啊？呵呵，但连如果都没有，何来的宽恕呢？” http://163.fm/aAdUVky http://126.fm/GA04V,0
5443.0281292747995,换位思考，可以知道答案！这件事有很多个角度，可死可不死 //【复旦177学生为投毒者求免死 死者父亲拒接受】http://t.cn/8se736k (分享自 @今日头条),0
5443.0281292747995,对《复旦177名学生为投毒者求免死 死者父亲拒接受》评论：“那是谁发明了那玩意？学校教授教那玩意开啥？关键这么巨毒的东西，能随便搞到？” http://163.fm/R2zPWFa,0
5443.0281292747995,对《复旦177名学生为投毒者求免死 死者父亲拒接受》评论：“支持议论自由，但不支持反动的言论自由。这177个人如果精神正常，就应该受到处分。不能以言论自由之名，行祸害社会之实。” http://163.fm/MpEqOzI http://126.fm/3F4zDy,0
5443.0281292747995,对《复旦177名学生为投毒者求免死 死者父亲拒接受》评论：“那为什么这么久了，学校不表明态度，沉默就是暧昧，该骂！！！” http://163.fm/NIdruyg http://126.fm/13nviR,0
5443.0281292747995,对《复旦177名学生为投毒者求免死 死者父亲拒接受》评论：“山东省青岛市手机 [中国青岛好声音] ：下次死的就是你家的！！！” http://163.fm/PoNM7GG,0
5443.0281292747995,对《复旦177名学生为投毒者求免死 死者父亲拒接受》评论：“大家都是社会人，有些责任是不可逃避的，这社会不止你一个人，你一家人。” http://163.fm/E6SFbw http://126.fm/10w2EA,0
5443.0281292747995,对《复旦177名学生为投毒者求免死 死者父亲拒接受》评论：“学法律的还讲人情，不知道羞耻么？书白读了！法治社会必须讲法治，全体社会成员必须遵守同一个游戏规则，不管是草民还是主席。就算，游戏规则（法律、制度等）目” http://163.fm/Y9yssje,0
5443.0281292747995,对《复旦177名学生为投毒者求免死 死者父亲拒接受》评论：“177个傻逼脑残，知识学多了，人他妈的学傻了，越学越不往人里学了，往畜生那边走了” http://163.fm/cFqvJ5E,0
5443.0281292747995,对《复旦177名学生为投毒者求免死 死者父亲拒接受》评论：“117个接受了高等教育的不要脸的人” http://163.fm/2uD71Lm,0
5443.0281292747995,对《复旦177名学生为投毒者求免死 死者父亲拒接受》评论：“如果他们没有收林家的钱当托还算有人性.” http://163.fm/3HZrc1X http://126.fm/1T6BO,0
5443.0281292747995,对《复旦177名学生为投毒者求免死 死者父亲拒接受》评论：“强烈建议公布这177个货的详细资料，烂人！” http://163.fm/7tKYIZo,0
5443.0281292747995,对《复旦177名学生为投毒者求免死 死者父亲拒接受》评论：“如判林死那是他罪有应得！但为什么所有人哭的时候不允许有人笑？为什么不让别人发表不同意见？为什么要对不同意见者人身攻击？” http://163.fm/bN3owbx http://126.fm/2zK3zF,0
5443.0281292747995,对《复旦177名学生为投毒者求免死 死者父亲拒接受》评论：“能把这177人的名单给出来吗？既然敢请愿，就不该怕曝光！ 公布177个人名单，让全社会永远不录用他们！ 将177个人的菊花开了再说！<br” http://163.fm/HzLENhB,0
5443.0281292747995,对《复旦177名学生为投毒者求免死 死者父亲拒接受》评论：“9楼说得好滥啊，没耐心看了。有一个亮点：毕竟一个优秀的人才已经走了，如果另一个优秀的人才也走了，对哪方面来说都不是一个最圆满的结果！另一个优秀的人才就” http://163.fm/EMuHE0y http://126.fm/2h2C5t,0
5443.0281292747995,#复旦学子为投毒者求情# 如果说人情……死者的父亲就不是人了吗？！你们就这么忽略他的感情？！还真是像央视微博说的那样朴素的学生啊！ 详情:http://t.cn/8sehB4T,0
5443.0281292747995,对《复旦177名学生为投毒者求免死 死者父亲拒接受》评论：“就是那个研究曹操基的那个大学” http://163.fm/cW3WgpE http://126.fm/2dkDdA,0
5443.0281292747995,对《复旦177名学生为投毒者求免死 死者父亲拒接受》评论：“177人中，哪位同意，我杀了他，他和他的家人宽恕我？有的话，我马上实施。马上赞成林无罪释放。” http://163.fm/2Z7ycAn,0
5443.0281292747995,对《复旦177名学生为投毒者求免死 死者父亲拒接受》评论：“其他且不论，一楼说咱国家的硕士都是高端技术人才？判决一个蓄意谋杀的硕士会影响国家的科技创新能力？楼主对国的教育也太乐观了吧~” http://163.fm/JnCkBPH http://126.fm/3xeTjy,0
5443.0281292747995,复旦177学生为投毒者求免死 死者父亲拒接受——分享自环球网@环球网 屁话，犯法就该受法律制裁，求情就能免死，那来个富二代杀个人，花钱请人求情那是不是也可以免了？？？？？ http://t.cn/8sgBVxH,0
5443.0281292747995,"对《复旦177名学生为投毒者求免死 死者父亲拒接受》评论：“雌狗不摇尾，公狗不上身。你是想说这个逻辑吗S,B玩意，祝你全家都被人误杀” http://163.fm/EwgRPSW http://126.fm/4OLQX8",0
5443.0281292747995,"对《复旦177名学生为投毒者求免死 死者父亲拒接受》评论：“声明: 我不是研究生,但会说: 研究生在我看里就是一坨屎!” http://163.fm/CS2Eo3A http://126.fm/K0WEj",0
5443.0281292747995,这帮复旦117犊子拉帮结伙破坏公正，应该询他们破坏法律公正，人人平等罪名 //【复旦177学生为投毒者求免死 死者父亲拒接受】http://t.cn/8sgTH4i (分享自 @今日头条),0
5443.0281292747995,对《复旦177名学生为投毒者求免死 死者父亲拒接受》评论：“这177个脑残估计这会儿没有耐心看你的帖子。都特码玩微信游戏呢。这群脑残。我也把昨天的帖子复制过来，让这群脑残回答一下； 这177个脑残” http://163.fm/Ju9hWVQ,0
5443.0281292747995,对《复旦177名学生为投毒者求免死 死者父亲拒接受》评论：“200年中他浪费的粮食谁买单?一粒子弹的钱都得他家出.” http://163.fm/B7dOXh4 http://126.fm/2Qm6gN,0
5443.0281292747995,对《复旦177名学生为投毒者求免死 死者父亲拒接受》评论：“杀！！！这样的人留着，还会祸害更多的无辜。” http://163.fm/U0yACEB http://126.fm/4K4kI3,0
5443.0281292747995,对《复旦177名学生为投毒者求免死 死者父亲拒接受》评论：“是哪些人签的名，找出来。单位坚绝不能用这些人！” http://163.fm/SK7Q52b,0
5443.0281292747995,对《复旦177名学生为投毒者求免死 死者父亲拒接受》评论：“孔子说以德报怨，何以报德，须以直报怨，以德报德。” http://163.fm/5bB9oyd http://126.fm/3nfG9T,0
5443.0281292747995,每一个人都该为自己的言行付出所对应的代价，这条路是林自己选择的，他就该自己承受这应有的结果。 //【复旦177学生为投毒者求免死 死者父亲拒接受】http://t.cn/8sgYk65 (分享自 @今日头条),0
5443.0281292747995,#空间日志#复旦177学生为投毒者求免死 死者父亲拒接受 http://url.cn/MqK0nW,0
5443.0281292747995,对《复旦177名学生为投毒者求免死 死者父亲拒接受》评论：“必须严惩，这样恶毒的人留着也是祸害。” http://163.fm/D34I2xT http://126.fm/3NRZz3,0
5443.0281292747995,|| @大张子: 任何人都有善良和罪恶，不能因为善良的存在就否定罪恶的结果！中国几千年来都是人治社会，看到求情信，感觉法治建设离我们还很遥远！ //【复旦177学生为投毒者求免死 死者父亲拒接受】http://url.cn/OJ5ZZ4  (分享自 @headlineapp),0
5443.0281292747995,对《复旦177名学生为投毒者求免死 死者父亲拒接受》评论：“既然人家父母不同意，就原判吧。我好像看到了封建社会，斩首时，很多人在那里扔石块，吐吐沫，还有带孩子一起看的，哎，文明经过那么久，貌似没有一点进步，可悲” http://163.fm/XIWLUK9,0
5424.241388267698,其实人最初的本性都不坏每一个人都有善良的一面，但是他心灵一但扭曲那就会暴漏出他邪恶一面。     现在就关键在于死者家属能不能原谅他了 || #我在看新闻# 《复旦学生为投毒案被告求免死》  177名学生联名写求情信；林森浩毒死室友一审被判死刑。 http://url.cn/OVWrvd,0
5419.9767672758,#复旦投毒案宣判#此时我有个纠结的心里，支持吧，不能给逝者一个交代。不支持吧，又不想失去一个人才……我尊重即将进入的二审判决。。 || #我在看新闻# 《黄洋父亲称不接受请求信内容》 复旦学生签署请求信为投毒案被告求免死，受害者父亲不接受。 http://url.cn/OuciON,0
5409.826073328,【177名学生写联名信为复旦投毒案凶手求“免死”】日前，由复旦大学177名学生联合签名的《关于不要判林森浩同学“死刑”请求信》寄往上海高院，随之还有一份《声明书》。希望法院综合考量，给他一条生路，洗心革面，并在将来照顾受害人黄洋的父母。今年2月林森浩因毒杀同学呗判死刑，后提起上诉。,0
5401.5834631789,还是复旦大学的学生！真无知！求情有用吗？需要法律干嘛！看看中国的教育都培养了一批什么垃圾学生！投毒！求情！只追求高分，健全学生心理了吗？,0
5398.439206415999,【复旦签名发起人：和林森浩不认识，请求信是学生自愿真实的意愿表达】#复旦学子为投毒者求情#的发起人之一吴先生称在学校和林森浩并不认识，案件一审判决后同学间讨论很多，他认为从法律上看可以判处死刑，但是相比于很多案子来说，它不是那种很严重的杀人案件，所以才联名请愿。 http://t.cn/8seACvL,0
5386.6019077252995,对《复旦学生联名为投毒凶手求情 死者父亲:必须死刑》评论：“终于揭秘了。原来学生们的背后是【由复旦大学一教授发起】！ 这位教授是谁？为什么躲在后面、把这些16-21岁的稚嫩无知或没有社会经验的孩子们推在前” http://163.fm/KJ2AJ6I http://126.fm/1N5MDH,1
5365.989027514998,如果投毒毒死人不判死的话，那我活着还有什么意思？ || #我在看新闻# 《黄洋父亲称不接受请求信内容》 复旦学生签署请求信为投毒案被告求免死，受害者父亲不接受。 http://url.cn/O0hKoq  来自@newsmobile,0
5355.311295220101,"【复旦177学生为林森浩求免死】5月7日,177名学生联合签名的《关于不要判林森浩同学&quot;死刑&quot;请求信》日前已寄往上海高院，建议不要判林森浩死刑，给他一条生路。去年4月，复旦研究生黄洋被同学林森浩在寝室饮水机里投毒致死，林被一审宣判死刑后提出上诉。",0
5348.880801341499,脑残哪都有，孵蛋特别多//@宅腐双修的小猪猪Amy: 哪样才算严重啊傻逼//@上海新闻播报: 复旦签名发起人：和林森浩不认识，请求信是学生自愿真实的意愿表达。为投毒者求情的发起人之一吴先生称在学校和林森浩并不认识，他认为从法律上看可以判处死刑，但它不是那种很严重的杀人案件，所以才联名请愿,0
5324.5333134993,#复旦学子为投毒者求情# 为什么不把177名复旦学生的名字晒出来给我们看一看？他们怎么不想一想：如果被毒死的是他们自己，他们的父母会原谅杀人凶手吗？是不是以后想杀人了，就去做一两件好事，捐一两笔“善款”就可以不被判死刑啦？http://t.cn/8sgepRz,0
5308.869373041999,#复旦学生联名为投毒者求情#这个国家是怎么了？多数都偏激的支持死刑。多少人明白一个生命没了，一切都没有意义了。这些大喊该死什么的人更加不理解一个生命的可贵，你们也许就是未来另外一个他。受害者已经没了，凶手人生也已经毁了，但他也在悔过，为什么不给他个机会，让他在余生中赎罪？,0
5308.326152750299,#复旦学生联名为投毒者求情#你们177个人都去死，也换不回失去爱子的伤痛，被活活的毒死的时候，你们177个人渣去那里了？怎么不劝劝这个杀人凶手说出真相，你们应该去死，被毒死！,0
5306.3547054328,话题：复旦177名学子联名写信为投毒案凶手求情 话题：复旦177名学子联名写信为投毒案凶手求情 --从光明网分享 http://t.cn/8sgiuIf,0
5293.6336006424,现在的高材生，三观都怎么了？ //@本来老六:怎么才算严重呢？ //@上海新闻播报: 【复旦签名发起人：和林森浩不认识，请求信是学生自愿真实的意愿表达】#复旦学子为投毒者求情#的发起人之一吴先生称在学校和林森浩并不认识，他认为从法律上看可以判处死刑，但它不是那种很严重的杀 http://t.cn/8seACvL,0
5283.1364856064,还死者公道就是必须判死刑，法律面前人人平等! || @CHENMOZHE5277:人非圣贤，孰能无过。我希望他能洗心革面，还死者家一个公道，能照顾死者家一辈子！  || #我在看新闻# 《复旦学生为投毒案被告求免死》http://url.cn/RR5gSk  来自@newsmobile,0
5269.8072287484,#复旦学子为投毒者求情#故意杀人实属罪大恶极，以我之见杀人偿命尚且对死者及其亲友不公，何况是放凶手一条生路。那谁来给受害者一条生路？法不容情，严惩凶手或可起以儆效尤之效。实际上我想说，这群复旦的小王八蛋脑袋让驴踢了吗？[思考]http://t.cn/8sgepRz,0
5267.2026796356995,一刷新闻，差不多要跳起来，复旦学生居然为去年的那个投毒者请愿，我天，这种人难道不该死刑立即执行吗？但冷静下来又似乎能够理解了。毕竟，法律到底是为了严惩凶手还是促人改过自新，永远是无法说清楚的悖论。,0
5264.0208930874005,【刘雪松：复旦学子求情为何触犯众怒】世人震惊的复旦大学生林森浩投毒案，二审还没开庭，网上已经对他的177位同学展开了道德与法治的“审判”。稍有法律常识的人都明白，复旦投毒案最终的判决结果，不会因为舆论的激愤而加重量刑的砝码，同样不会因为1 （分享自 @凤凰网评论） http://t.cn/8sgOVNZ,2
5242.926209595101,【复旦177名学生免死求情信，会影响判决结果么】2月18日，复旦投毒案被告人林森浩一审被判死刑。日前，一封由复旦大学177名学生联合签名的“关于不要判林森浩同学死刑的请求信”被寄往上海市高级法院，舆论褒贬不一 ......详情点击  http://t.cn/8sDnjx4,1
5218.435079646801,发表了博文 《能否为被告人求情》 - 复旦大学的170余名学生，近日联名上书法院，为校园投毒案凶手求情，引起舆论风波。 　　虽然有媒体认为这可能是嫌疑人辩护律师的计策，但法律认定需要讲证据。上书学生意 http://t.cn/8skzTAC,0
5209.185189749099,你们怎么不自己去照顾死者父母？ //@微博新鲜事:复旦177名学子联名写信为投毒案凶手求情，大家怎么看？#复旦投毒案#,0
5193.623098846799,就算死者黄洋在生前做过什么过分的事情，但是林森浩投毒故意杀黄洋已经触犯了刑法，这点是毋庸置疑的，林又不是替罪羔羊，而且法律的尊严是不允许复旦百名学生联名为一个故意杀人的学生去开脱的，这种行为是在侮辱法律,0
5187.854558010099,【武汉某高校一男生用巫毒娃娃对付室友】“祈祷我们不要走到这一步……”复旦大学室友投毒事件曝光后不久，武昌某高校大三学生青兵（化名）在网上发帖自我反省。曾网购巫毒娃娃诅咒室友的他，希望与室友的“长期冷战”能划上句号。不仅仅是青兵，复旦投毒案也引发了许多学子对室友关系的期盼和思考。,5
5187.335924071199,太恶心了复旦人，就该让这177个人也被投毒死然后让凶手去照顾你的父母！就是不知道凶手那天心情好也给你父母投投毒！！！ //@马伯庸:除了被害人父母，没有人有资格奢谈对凶手的原谅。,0
5176.324004366299,医学院都出这种人，怪不得现在的医生没有医德，还救死扶伤，不谋财害命就谢天谢地喽。 || #我在看新闻# 《投毒案死者父亲拒受学生求情》 复旦177名学生联名请求法院不要判林森浩死刑立即执行。 http://url.cn/PRUDOj ，相关专题 http://url.cn/JEkAIv  来自@newsmobile...,0
5176.324004366299,一个字！枪毙！177人是非不分以后怎么工作？败类危害社会！同罪！ || #我在看新闻# 《投毒案死者父亲拒受学生求情》 复旦177名学生联名请求法院不要判林森浩死刑立即执行。 http://url.cn/PRUDOj ，相关专题 http://url.cn/JEkAIv  来自@newsmobile,1
5166.740145934999,#北京培黎学院招生# [兔子]复旦大学学生黄洋被同宿舍室友林森浩投毒致死一案震惊全国。今年２月，林森浩被法院认定为犯有故意杀人罪，并被判处死刑。一审判决之后，复旦１７７名学生签署请求信，请求法院不要判林森浩死刑立即执行。受害者黄洋的父亲表示并不接受请求信的内容。http://t.cn/8s68E4j,0
5154.927051097299,投毒本身就是故意杀人，在寝室饮水机中投毒，就是要致人于死地！行为恶毒！今天为害寝室同学，明天就为害社会了，“做梦都在说对不起”实在太假了！复旦大学怎么突然间变成拉登办的培训部？177名同学到日本靖国神社为东条英机尽孝吧！一群极度丑陋的大学生！ http://url.cn/JzyqGw,0
5148.8744751881995,死缓你妹啊身为一个大学生知法犯法应该死刑 || @siliaiwushuying:死缓吧，给个机会吧，死是不能解决问题的，大家谢谢死者一点错都没有嘛？有的人总是觉...  || #我在看新闻# 《复旦学生为投毒案被告求免死》http://url.cn/RR5gSk  来自@newsmobile,0
5142.6295222185,"日前，由复旦大学177名学生联合签名的《关于不要判林森浩同学“死刑”请求信》寄往上海市高院,随之还有另外一份《声明书》。建议给复旦投毒案凶犯林森浩一条生路，让他洗心革面，并在将来照顾受害人黄洋的父母。然而，被害人黄洋的父亲黄国强称不接受学生请求信内容，拒绝免除林森浩死刑。",0
5140.970468218099,【复旦投毒案受害人父亲称不接受学生请求信内容-搜狐教育】就事论事，对被害人来说，就是杀人偿命。投毒比故意杀人更恶劣！ (分享自 @Qzone) http://url.cn/PB2qbw,0
5136.917209118398,【复旦投毒案受害人父亲称不接受学生请求信内容|复旦投毒案|复旦请求信】中国何时能“依法治国”？！动辄就所谓的“民意”？！就是屁！ (分享自 @Qzone) http://url.cn/NhCgXi,0
5132.6264441416,【177名复旦学生写联名信为投毒案凶手求情“免死”】楚天都市报讯据《法制晚报》报道日前，由复旦大学177名学生联合签名的《关于不要判林森浩同学“死刑”请求信》寄往上海市高级人民法院。“请求信”中，177名学子表示，希望国家、社会、法院综合考量，慎重量刑... http://163.fm/MNXqVg8,0
5129.0059303689995,以法治国 || #我在看新闻# 《复旦177名学生为投毒者求情》 《关于不要判林森浩同学“死刑”请求信》已寄往市高院。 http://url.cn/JAQRfz ，相关专题 http://url.cn/QWMfXo  来自@newsmobile,0
5114.0177427625,复旦177名学生联名上书上海高院为林森浩求情】2014年3月18日，一份《关于不要判林森浩同学“死刑”请求信》被递交往上海市高院。此时，距复旦投毒案一审宣判过去整一个月。在这一个月里，复旦大学的学生们，积极帮助被害人黄洋的家人，同时也在思考案件本身，林森浩是否罪大恶极，需要判处死刑立即执... http://16...,3
5081.348930190601,【复旦177学生为“投毒案”被告人求情：给条生路】日前，由复旦大学177名学生联合签名的《关于不要判林森浩同学“死刑”请求信》寄往上海高级人民法院，随之还有份《声明书》建议给其一条生路，让他洗心革面，并在将来照顾受害人黄洋的父母。今年2月18日一审法官宣布其死刑判决。,0
5079.3490693777,发表了博文 《群众高度关注复旦177名学生写联名信为投毒案凶手求“免死”》 - 日前，由复旦大学177名学生联合签名的《关于不要判林森浩同学“死刑”请求信》寄往上海市高级人民法院，随之一起的还有另外一 http://t.cn/8ssxu6q,0
5078.6436641519,还有脸去请求啊？亏你是复旦大学生。联名请求的人给她吗个扰乱社会治安，统统抓起来。不判死刑今后就该废除死刑犯！ 【评】复旦投毒案死者父亲拒绝接受学生联名求情信 http://url.cn/JAkoAH,0
5065.32379771,如果死的是你，你看到别人这样做，你心里怎么想！！！文化道德不是建立在没有原则之上！！！！//@上海新闻播报: 【复旦签名发起人：和林森浩不认识，请求信是学生自愿真实的意愿表达】#复旦学子为投毒者求情# http://t.cn/8seACvL,0
5050.871656364999,#复旦学生联名为投毒者求情#黄洋的死我们都感到很心痛，人死不能复生，现在只希望法院留下林森浩一条命以后好好孝敬黄洋的父母，因为林不是治黄洋死，而是想让黄洋痛苦一下，事情发生了林不敢面对事实造成黄洋没有及时治疗导致死亡的。,0
5049.183438741899,很简单的事，为什么搞的这么复杂，无非被告人家属.....至于百来学生，随便点利益可搞定，顺便满足作好人的虚荣。林的父母太伟大了，大有才了。 || #我在看新闻# 《黄洋父亲称不接受请求信内容》 复旦学生签署请求信为投毒案被告求免死，受害者父亲不接受。 http://url.cn/Ke9dza,0
5046.73568129,对《复旦177名学生联名写信为投毒案凶手求情(图)》评论：“你要谨慎死刑，你复旦的法律教授和这帮肤浅的学生为什么不联名上书有关立法机构？他们更符合你们的诉求。每天那么多死刑，不见你们喊叫，为什么恰恰为你们的复旦” http://163.fm/LQHjVZX,0
5042.818087013498,我觉得你林森浩能争取到黄洋同学的父母的原谅，可以不立即执行！不过，死罪免过，最起码也是无期！还谈什么为他人尽孝、养老的问题？ || #我在看新闻# 《复旦学生为投毒案被告求免死》 177名学生联名写求情信；林森浩毒死室友一审被判死刑。 http://url.cn/RR5gSk,0
5027.312068721699,今天诸多媒体裹挟同情为复旦这名投毒学生求情，但人生有许多错误是不可原谅的，哪怕今天你的眼神多么令人悲天怜悯，复旦这位同学，当你投毒去剥夺别人生命时，你难道不知道生命之重吗？我能原谅你今天悔过表现，然绝不会原谅你昨天的行为，你觉得呢？,0
5026.170150530599,#复旦学子为投毒者求情# 这177人有点逗比，林森浩在学校里人缘这么好，居然有177个逗比知道他的人品怎么样？他是准备感动中国么？复旦的孩子与其为他求情，不如要求废除死刑，这样才符合他们高大上的形象嘛！复旦也不管管，老是有学生在风口浪尖逗比当公知~http://t.cn/8sgepRz,0
5019.236012525499,"【复旦177名学子联名写信为投毒案凶手求情|复旦投毒案|朱令案】凶手不死,将有更多的无辜人去死! (分享自 @Qzone) http://url.cn/Png3YG",0
5014.8828636609,对《复旦177名学生联名写信为投毒案凶手求情(图)》评论：“既然复旦的同学这么开明那就多毒死几个这些渣子学生罢了” http://163.fm/MGpuMrM,0
5009.617805448899,复旦177名学生联名写信为投毒案凶手求情(图) （分享自 @网易新闻） 死刑不只是为了惩罚犯罪人，还有给其他人警示的作用，不晓得那些签名的学生脑子里装的什么，没有经过受害者家人的同意就替人家做了这样的决定，这是对受害者家人的二次伤害 http://t.cn/8sg7mr6,0
5008.113503102699,对《复旦177名学生联名写信为投毒案凶手求情(图)》评论：“法律面前人人平等！大学生蓄意杀人，为什么不能判死刑！” http://163.fm/SaxpOOd http://126.fm/3I3ADK,0
4993.989775518199,对《复旦177名学生联名写信为投毒案凶手求情(图)》评论：“近200大学生和他们的老师不会办事！这些有什么用呢？代替被害人家属替杀人者求情，合理吗？能行吗？尽管写得好也只是枉然。如果真的不想他死，你们去求被害人” http://163.fm/W2MwpGO http://126.fm/4G6Ucp,0
4965.3244585863995,对《复旦177名学生联名写信为投毒案凶手求情(图)》评论：“我不认同那帮复旦学生的观点，更不屑于他们那种“你们真无知”的病态心理” http://163.fm/P7VjrIR http://126.fm/Q7063,0
4965.3244585863995,对《复旦177名学生联名写信为投毒案凶手求情(图)》评论：“不好意思，与学校无关？那你怎么不退了学在写这信，中国就应为有你们这样的学生法律才会不健全。你们这是在纵容犯罪 认同嫌疑人做事的方式方法，也别说什么包容” http://163.fm/BXubRQP http://126.fm/4H58lh,0
4965.3244585863995,对《复旦177名学生联名写信为投毒案凶手求情(图)》评论：“现在培养出来的好多大学生没有正义感，没有是非观念，不懂得仁义礼智信，在他们眼中认钱不认人、只有利益没有爹娘、也没有法律！！！” http://163.fm/XQP6LrP,0
4965.3244585863995,对《复旦177名学生联名写信为投毒案凶手求情(图)》评论：“我就觉得复旦的学生在秀优越感” http://163.fm/SDpDXja,0
4965.3244585863995,对《复旦177名学生联名写信为投毒案凶手求情(图)》评论：“不能再多的同意2L的观点。 希望法律专业以后在招生上多考虑能理性思考的理科学生。而不是夸夸其谈的......算了，说了又要挨砸。” http://163.fm/RgfF5pG,0
4965.3244585863995,对《复旦177名学生联名写信为投毒案凶手求情(图)》评论：“我只能说，这177名复旦学生极为混蛋、极为无知、极为无视法律！”” http://163.fm/MgyG3jL,0
4965.3244585863995,对《复旦177名学生联名写信为投毒案凶手求情(图)》评论：“事情没轮到自己身上就不知道有多痛！还为这禽兽求情？脑残的大学生！” http://163.fm/PR5MUht http://126.fm/Y4tPX,0
4965.3244585863995,对《复旦177名学生联名写信为投毒案凶手求情(图)》评论：“TMD，复旦的学生都是傻子吧！这也能求情！！！” http://163.fm/2dCZutw,0
4965.3244585863995,对《复旦177名学生联名写信为投毒案凶手求情(图)》评论：“有这样的学生，是母校的耻辱，求情是对法律的藐视，无知” http://163.fm/4XJg40a,0
4965.3244585863995,对《复旦177名学生联名写信为投毒案凶手求情(图)》评论：“大学生的想法是好的，但被害人的父母见到害死他孩子的人，心里不亚于是在伤口上撒盐，谁得罪谁来承担吧！” http://163.fm/EldA9pq,0
4965.3244585863995,对《复旦177名学生联名写信为投毒案凶手求情(图)》评论：“看到了吗，这就是现代的大学生，人生观价值观扭曲到什么程度啦，还有这个教授发起人，你对法治的戏弄到了不能容忍的地步！复旦岂能漠视这样的人玷污学校的声誉。” http://163.fm/3FC2iE2,0
4965.3244585863995,对《复旦177名学生联名写信为投毒案凶手求情(图)》评论：“你的数学是体育老师教的吧，眼睛有问题？是771个学生求情，楼下你说” http://163.fm/8B1vhh4 http://126.fm/1Wv10I,0
4965.3244585863995,对《复旦177名学生联名写信为投毒案凶手求情(图)》评论：“这群学生比你聪明多了，你是傻瓜你自己还不明白。还在嘲笑别人，这样的人不要太多哦。” http://163.fm/kXhoDv http://126.fm/4XrbAF,0
4958.025581921299,【复旦投毒案被告人林森浩：做梦都在说对不起】  　　2月18日，林森浩在上海市二中院等待一审宣判。随后，法官宣布了死刑判决。 新华社记者 裴鑫 摄  　　■ 对话人物  　　林森浩 “复旦投毒案?http://t.cn/8sr11kc,0
4947.2211799633,呵呵。我讨厌那些自以为好像做了很多有思想，有意义好事的学生团体！假如这次死刑因此取消了，这将是一种耻辱。如何看待复旦学生联名情愿免除复旦投毒案凶手林森浩死刑？ http://t.cn/8sg94HQ （分享自 @知乎 安卓客户端） 我在这里:http://t.cn/z8AUdeK,0
4943.370546845199,【今日话题：复旦学子为投毒者求情：无害亦无用】今年2月，复旦大学林森浩因故意杀人一审被判处死刑。如今，案件即将进入二审，就在这时，媒体曝光177名复旦学子联名写信给上海高院为凶手林森浩求情 ，此举招致了大量的批评。这封《请求信》到底写了什么，有没有扭转局势的可能？http://url.cn/NKSgE8,0
4939.103499092699,#复旦学生联名为投毒者求情#自古：杀人偿命！在讲法的年代竟为杀人犯求情，难道是你们受贿了？死的不是你吧？为杀人犯求情有不可告人的目的吗 ？直接替杀人犯顶罪不就结啦。,0
4935.076124727699,【复旦177名学子联名写信为投毒案凶手求“免死”】近日，由复旦大学177名学生联合签名的《关于不要判林森浩同学“死刑”请求信》寄往上海市高级人民法院，建议给被告人林森浩一条生路，让他洗心革面，并在将来照顾受害人黄洋的父母。该案一审时，曾有复旦校友请求法院对林判死刑。http://t.cn/8sghFl0,1
4932.1223580164005,#复旦学子为投毒者求情# 这种人放出去也是个祸害，有过一次难保没有第二次。。。至于说什么让他给死者父母养老，如果你是死者父母，你会放心吗？http://t.cn/8sgepRz,0
4932.1223580164005,#复旦学子为投毒者求情#只是遗憾，为死者，也为将死者。,0
4929.659823252299,#复旦学生联名为投毒者求情#如果死能让受害人复生那也无话可说！还是网开一面吧，让他用待罪之身去偿还孽债吧！第一，代替受害人去尽孝！第二，完成学业终生为国家贡献！第三，终身不能享有政治地位！,0
4929.581744047699,复旦大学百名学生联名上书为投毒者求情。有人指责他们为法盲脑残，不妥不妥。他们虽也代表了部分民意，法院在审判时也会倾听，但是，少数民意没有决定权。法院有它本身的独立裁判权。公正的人不会因为别人的不同意见而狭隘。,0
4924.561909745399,#复旦学生联名为投毒者求情#如果要是废除了死刑，想杀人的人都可以放心杀人了，因为最多是无期，不用害怕，表现好一点还可以早点出来再杀人。想要废除死型的人是什么心理想法？,0
4923.5590415145,复旦177学生联名为投毒者求免死，这些同学真是蛋疼，我看这些复旦的同学们这学算是白上了！出来后这些人可以继续填苦逼小白领的坑了！,0
4923.402143601799,不管是大学生和平民百姓在法律面前，人人平等，杀人就应该得到惩罚。 【评】复旦投毒案死者父亲拒绝接受学生联名求情信 http://url.cn/JAkoAH,0
4910.4381821608995,#复旦学生联名为投毒者求情#那会不会产生越来越多的杀人者呢？因为杀人者不会死，会不会让想要杀人的人更有勇气呢,0
4909.6372917809995,对《复旦177名学生联名写信为投毒案凶手求情(图)》评论：“复旦改为完蛋或扯蛋大学算了，让凶手照顾死者父母？你妈的真理想。我强奸你老婆了然后求你干脆让我帮你照顾你老婆性生活可以吗？” http://163.fm/1Dtn3iF http://126.fm/38D772,0
4905.2984824779,#复旦学生联名为投毒者求情#死刑不是为了偿命，偿命也不能让受害人复生，但死刑是为了遏制更多的恶行发生！,0
4896.5892246096,177名学生写联名信为复旦投毒案凶手求“免死”：复旦大学培养出这么一个东西，判死刑有什么大的损失，还没有走上社会就这么坏，将来走上社会，在当下的社会环境，这种人是很可怕的，他人格有问题，不死对死者就公平吗？死者家属原谅他，别当另论！不要觉得对他仁慈就可以感化他，记住，人的本性难移。,0
4894.73682667,借口丶你们换位思考一下.还都是大学生.一邦脑残 【评】复旦投毒案死者父亲拒绝接受学生联名求情信 http://url.cn/JAkoAH,0
4894.73682667,"不可思义的高才生:还是杀吧,可以起到杀一警百的作用“让复旦的学生看到害人的结果、不要以为自己是国家的精英。做错事就有情可原 【评】复旦投毒案死者父亲拒绝接受学生联名求情信 http://url.cn/JAkoAH",0
4891.174754893399,#复旦学生联名为投毒者求情# 转载～据《每日邮报》4月17日报道，4月15日，伊朗一名男子因谋杀罪被判死刑，在刑场上，受害人的母亲原谅了该男子，并将处以绞刑使用的绳圈从男子脖子上摘下。这戏剧性的一幕让罪犯的母亲立马跑去拥抱这位痛失儿子的母亲。所有父母丧子悲痛无异，虽然他该受某些刑罚,0
4880.323022612899,【复旦投毒案被告看守所读《复活》:没想到会判死刑】2月18日，林森浩在上海市二中院等待一审宣判。随后，法官宣布了死刑判决。 新华社记者裴鑫摄 “复旦投毒案”被告人谈死刑宣判时内心感受，心跳很快；称没想到获死刑；看守所内读《复活》 对话人物 ... http://163.fm/JWuyEoZ,2
4877.7196061294,"捐过800元就证明他是好人了???贪官一般都捐过款,难道就可以对他们的违法犯罪网开一面???@钦州检察:@钦州电台:@中国之声//@上海新闻播报:【#复旦学子为投毒者求情# 人情法理如何守住公平正义】177名复旦学子的一封联名求情信引发舆论热议，部分网民对学生的请求持有异议，也有少数表示理解。法律专家认",0
4877.7196061294,#复旦学生联名为投毒者求情#请求信内容,7
4877.713730479601,#复旦学子为投毒者求情# 如果该复旦大学学生存在过失杀人成分，可以考虑给予减刑，若是故意杀人，则在法律的层面上不予留情，一命抵一命，情节比较恶劣，若放出来以后会对社会及家人..http://t.cn/8sgepRz,0
4877.051027308899,#复旦学生联名为投毒者求情#中国是法治国家，法不容情。而且，如果你是受害人家属，你会是什么感受？,0
4877.051027308899,#复旦学生联名为投毒者求情#给他改过自新的机会？可是他绝望了人家家人对未来的一切念想，没有这样干完坏事再忏悔一翻就能得到原谅的好事，这些为他求情的人你们换位思考一下假如你是受害人你的亲人愿意原谅或是方弃对加害人的法律制裁吗？如果这样可以那还要法律干嘛！,0
4875.2124355523,#复旦学生联名为投毒者求情# 如果签名求情可以不判罪犯死刑，那好了咱们准备200个签名，先把第一个签名的杀了吧!反正有签名不判死刑嘛!复旦大学教出罪犯就不光彩了，还教出177个从犯！别丢人显眼了!,0
4867.231275881799,#复旦学生联名为投毒者求情#支持死刑，国有国法，自古杀人尝命，如果他没有害人之心，怎会死？,0
4867.231275881799,#复旦学生联名为投毒者求情#现代文明的标志是废除死刑？你还不如说是杀人不用偿命。中国不缺人，但是缺法制。 || @lianpeng: 杀了他，黄洋就能复活？痛苦就能少一些？终身监禁（非中国的无期徒刑，除非被证明冤枉否则不能减刑、保释），不也是惩罚吗？,0
4866.813414118999,#复旦学生联名为投毒者求情#从社会的角度看，死刑不是以命抵命或替遇害者报仇，而是如不死刑，有可能危害他人。我国刑法有十多种死罪，唯一非暴力死罪是金融诈骗，据说要废除，但暴力死罪还是要慎重，美国也不是所有的州都废除死刑,0
4857.2973285973985,有胆杀人，无胆偿命？同学求情，是在助恶！ || #我在看新闻# 《复旦学生为投毒案被告求免死》 177名学生联名写求情信；林森浩毒死室友一审被判死刑。 http://url.cn/RR5gSk  来自@newsmobile,1
4854.113225790499,#宽·微评#【复旦大学投毒凶犯：只是想恶作剧捉弄同学，做梦都在说对不起】《新京报》采访了“复旦投毒案”被告人、28岁的林森浩。去年3月，他将二甲基亚硝胺注入寝室饮水机，令同学黄洋中毒而亡。面对采访，林森浩坚称自己只是想恶作剧捉弄对方，与对方没仇，现在常在梦中向对方道歉。,0
4853.8952274953,犯错与犯罪不能等同，错可改，罪就罚！两者性质差太远！ || @dashun4857:放尼妈的屁！虽然犯的错误大点，但是不能不给他改过的机会，你没有犯过错误吗  || #我在看新闻# 《复旦百名学生为投毒者求情》http://url.cn/K33Hau  来自@newsmobile,0
4853.107548297299,#复旦学生联名为投毒者求情#杀一儆百，同样都是孩子，同样都是生命，你能瞬间让别人的生命消失，法律也可以让你消失，你在做时没有同情被害者，法律也不能姑息和同情，这样就是纵容，如果那样，今天是你不杀，明天是他，后天我也要杀人了。。。。。,0
4853.107548297299,#复旦学生联名为投毒者求情#自古以来，杀人偿命，王子犯法于庶民同罪，你要做人的机会，请问你给别人做人的机会了吗？杀无赦，必须的！,0
4853.107548297299,"#复旦学生联名为投毒者求情#杀人偿命,欠债还钱,天经地意,求个球啊！闲的蛋疼.........莫非..是同谋!",0
4853.107548297299,#复旦学生联名为投毒者求情#杀人偿命，天经地义！！,2
4853.107548297299,#复旦学生联名为投毒者求情#杀人偿命欠债还钱，古今公理也，不能因为你是高材生就法外开恩，如此试人命如草芥，你算哪儿棵葱》?,0
4853.107548297299,#复旦学生联名为投毒者求情#必须死，杀人偿命，不应该有特殊。你是研究生就可以不死，那我还是博士呢。,0
4853.107548297299,#复旦学生联名为投毒者求情#那是在变相鼓励杀人！,0
4853.107548297299,#复旦学生联名为投毒者求情#每个人都应该为自己所作所为付出代价，杀人偿命，天经地义~,0
4851.024115132799,复旦177名学子联名上书上海高院，为世人震惊的投毒者求情。愤怒的网友直指这些复旦学生是“法盲加脑残”。以一封求情信试图改变法律天平的倾斜度，只能说明对于法律知识的储备不足，说明对于司法公正还不够自信。这种态度是不恰当的，也是不善的。,0
4851.024115132799,复旦法学院学生联名上书替投毒者求情，中国法律教育的最大悲哀莫过于此。,0
4850.4691435416,你是把仇恨当仇恨，人总会犯错，安抚受害人父母并不一定把他枪毙 || @dv-luo:建议法学学生们能幻想一下，被毒杀的是自己最爱的亲人，倒要看看你们还能那么公义么？拿别人家的事来宣扬自己的公义，可悲 || #我在看今日话题# 《复旦学子为投毒者求情无用》 http://url.cn/PpRyXQ,0
4846.9649803833,#复旦学生联名为投毒者求情#复旦大学177名脑残生，没教养的，还有一名：“叫兽”都死去吧，复旦的悲哀呀、,0
4840.649392114499,美国人杀害多少伊拉克无辜贫民，杀人不用死刑，是对人权的尊重这种不负责任的联合国刑法只能是白痴法系教授的想发。国家落入希特勒之手能不死， 肯定这些学生是希特勒派来的 || #我在看今日话题# 《复旦学子为投毒者求情无用》 http://url.cn/PpRyXQ  来自@newsmobile,0
4839.5270410045,#复旦学生联名为投毒者求情#自杀谢罪吧 这样既不会为难法律 也给受害家属一个交代 虽然我并不同情受害者 他那是做人的失败 但我鄙视这种杀了人了还等着别人为自己求情留条活命贪生怕死苟且偷生不要脸的做法 我想我要是杀了人 我一辈子都不可能心安理得地活着 一辈子都会活在忏悔愧疚中 倒还不如死了呢,0
4839.025606889099,#复旦学生联名为投毒者求情#一件痛而不可思议的事件，同情害人和被害人双方，谁是真正的害人者呢？？？,0
4838.565958949999,|| @haohuazhong: #复旦学生联名为投毒者求情#这会成为中国死刑的回身之时么？,0
4838.565958949999,对《复旦学生联名求情 黄父：怎么可能在身边养毒蛇》评论：“死刑只能针对没钱没势的老百姓，上一次的铊中毒案，投毒者依然逍遥法外。” http://163.fm/IX541SO,0
4838.565958949999,#复旦学生联名为投毒者求情#死刑也换不回逝者，还是改无期，让他在牢里用国家培养的知识，为国家再做做贡献吧~   花香满衣橱，女孩子的专属衣橱--移步小店http://url.cn/JNVVhh,0
4838.565958949999,为什么说为投毒者求情是漠视法律？复旦学生只是联名表达自己的意愿而已，尊重他们的看法也恰恰是尊重法律。况且最后判死刑与否还要受认罪态度等等因素影响。人民网的评论员也就这点见识了。,0
4838.565958949999,#复旦学生联名为投毒者求情#法律是一个严肃的东西，别耍小孩脾气了，赶紧死刑，赶紧消失。,0
4836.7273671934,D#金玉良缘##复旦学生联名为投毒者求情##英拉#您还在为进入这个市场而彷徨吗？不要犹豫，加入我们吧，黄金白银投资在线一对一交流，VIP指导！让我们一起携手共进，翻仓盈利，一起享受投资黄金白银的乐趣。,1
4832.350981354999,我请求把这177头东西用毒水毒死。赞同的举手 || #我在看新闻# 《复旦学生为投毒案被告求免死》 177名学生联名写求情信；林森浩毒死室友一审被判死刑。 http://url.cn/OVWrvd  来自@newsmobile,0
4828.632011665599,看了他同学的信我觉得恶心，一个这样的人剥夺别人生存权利的时候为什么不为别人着想呢？ || #我在看新闻# 《复旦学生为投毒案被告求免死》 177名学生联名写求情信；林森浩毒死室友一审被判死刑。 http://url.cn/RR5gSk  来自@newsmobile,0
4828.632011665599,鉴于老师与同学的诉求，本人认为死罪可免，但必须判死缓5年，缓期5年执行，在这5年中根据他本人表现再定论，任何人与事都不能逾越宪法！ || #我在看新闻# 《复旦学生为投毒案被告求免死》 177名学生联名写求情信；林森浩毒死室友一审被判死刑。 http://url.cn/RR5gSk,0
4824.4422313654995,#复旦学生联名为投毒者求情#法律不在乎人情,2
4824.4422313654995,#复旦学生联名为投毒者求情# 法律要大于人情？！否则不成次序！,0
4824.4422313654995,#复旦学生联名为投毒者求情#尼玛，死的不是你。,0
4824.4422313654995,#复旦学生联名为投毒者求情#你活着那被你该死的人怎么办？早知今日何必当初呢？多行不义必自毙，善恶到头终有报你不知道吗？,0
4824.4422313654995,|| @tanghao5165: 兄弟你真牛！  |哈佛上档次  #WIFI密码改成数学题答案##复旦学生联名为投毒者求情##别人家的老公#,0
4824.4422313654995,#复旦学生联名为投毒者求情#做了坏事就得受罚，哪有那么多重新,0
4824.4422313654995,由此联想到其它高校， 呜呼，祖国还有未来吗？ || @yuyuhaixiu568491: 沒想到复旦会培养出这帮东西!教育的悲哀! || @qjs196501: #复旦学生联名为投毒者求情#怎么学历越高越脑残 ，求情可以办事的话，还要法律干什么。,0
4824.4422313654995,#复旦学生联名为投毒者求情#依法惩办！世界上没有什么从来一次，谁给逝者一个机会？,0
4824.4422313654995,#复旦学生联名为投毒者求情#117个脑残,28
4824.4422313654995,/微笑 || @meixiangquan: || @w727503j1108t: || @kuangfengbaoyu841754: 这就是现在的中国国情 ||#周迅公布恋情##复旦学生联名为投毒者求情##国际动漫节# @sh,1
4824.4422313654995,xx#李小璐##复旦学生联名为投毒者求情##投资理财#如果您是潜在贵金属投资者或已是标投资者，被套、没时间分析行情、不擅长分析，厌烦了那废话连篇，不着边际的指导建议。那么我将是您最好的选择。VIP投资分析交流群：63198989，验证：064,2
4824.4422313654995,#复旦学生联名为投毒者求情# 看他是否真心回该。。如果是的话和不过给他这个机会呢。。。毕竟时间有限。。不等人呀,0
4824.4422313654995,#复旦学生联名为投毒者求情#每个进了监狱的人都会真心悔过，但不能因此就抵消了他对别人的伤害。看着他们痛苦流涕悔恨交加的样子，我很同情他，但绝不原谅他，他们必须对他们的过错承担后果！,0
4824.4422313654995,#复旦学生联名为投毒者求情#全国移动、联通、电信话费以及QQ业务、游戏点卡充值，所有的商品都是全自动充值，让您足不出户便能享受最便捷的服务，买得更实惠的产品。店铺链接： http://url.cn/NytJQ9,0
4824.4422313654995,#复旦学生联名为投毒者求情# 可惜你不是富二官二。,0
4824.4422313654995,#复旦学生联名为投毒者求情# http://url.cn/OrIsMB 新开店铺，欢迎选购,0
4824.4422313654995,#感受爱在身边#复旦学生联名为投毒者求情#,0
4824.4422313654995,#复旦学生联名为投毒者求情#应该承担必须的惩罚,0
4824.4422313654995,#复旦学生联名为投毒者求情#个中有隐情，,3
4824.4422313654995,#复旦学生联名为投毒者求情# 就不能给个机会吗？,1
4824.4422313654995,以小人之心度君子之腹，我研究法律不是大学生，他们的观点代表一种时代趋势，不是幼稚。思考问题要理性。 ||@kkk484120:为主上书求情的人，得了不少好处吧，反正现在也有一少部份人为了利益，泯灭良知，无视社会公德... ||#我在看今日话题# 复旦学子为投毒者求情无用 http://url.cn/PpRyXQ,0
4824.4422313654995,#复旦学生联名为投毒者求情#法律高于一切绝不妥协。,0
4824.4422313654995,"#复旦学生联名为投毒者求情#这种极端内向性格的人其实心理是很可怕的,人只有在自己的生命受到威胁时,才会了解生命的尊严及意义,",0
4824.4422313654995,起诉越南，索赔。发挥特警作用#复旦学生联名为投毒者求情##形商##周迅公布恋情##南海问题##王功权# || @zlz590804: #南海问题#越南人很勇敢。,0
4824.4422313654995,#复旦学生联名为投毒者求情# j?h?f?f?f?x?x,7
4824.4422313654995,#相信爱情##深泉学院##世界微笑日##周迅公布恋情##复旦学生联名为投毒者求情##李小璐# #每个人心中都有一首邓丽君##腾讯游戏平台5月活动##妈妈我想对您说# #南京青奥 火炬传递梦想##是谁动了我的爱情##金玉良缘##老妈口头禅#“坑爹”演戏的背后,1
4824.4422313654995,#复旦学生联名为投毒者求情#为什么 当初下此毒手。现在为什么又有那么多人保他。曲折离奇，有内幕。看好下集。,0
4824.4422313654995,#复旦学生联名为投毒者求情# 那会怎么量刑呢,0
4824.4422313654995,#复旦学生联名为投毒者求情#如果死的是他们的亲人也能这么冷静吗,0
4824.4422313654995,#复旦学子为投毒者求情# 呵呵，这也联名求情，现在的大学生未免太过了吧http://t.cn/8sgepRz,0
4824.4422313654995,#世界微笑日##周迅公布恋情##复旦学生联名为投毒者求情##李小璐##英拉##大卫雕像# #法官判不孝儿垃圾箱过夜##每个人心中都有一首邓丽君##腾讯游戏平台5月活动##妈妈我想对您说#石铭：洗脑——活摘灵魂的邪恶迫害,0
4824.4422313654995,#复旦学生联名为投毒者求情#自己选择的路，就要勇于面对，自作孽，不可活…,0
4824.4422313654995,|| @ZH3851115: || @guoce521: 现在百姓的三座大山，几多愁，何谈幸福？/流泪/晕#复旦学生联名为投毒者求情##妈妈我想对您说##国际动漫节#,1
4824.4422313654995,#复旦学生联名为投毒者求情#人生在世孰能无过,0
4824.4422313654995,|| @zmh---611: #复旦学生联名为投毒者求情#不想表达什么啊！只可惜他不是各种二代啊！,0
4824.4422313654995,#复旦学生联名为投毒者求情# 。。。,61
4824.4422313654995,#复旦学生联名为投毒者求情#傲慢、妒忌、暴怒、懒惰、贪婪、贪食及色欲,0
4824.4422313654995,#复旦学生联名为投毒者求情# ，，错了就要受到惩罚，，不然你让已逝者在地下何安？,0
4824.4422313654995,#复旦学生联名为投毒者求情# 这可以酌情处理。,0
4824.4422313654995,@nefuwftw2012 #复旦学生联名为投毒者求情#,0
4824.4422313654995,#复旦学生联名为投毒者求情#香港的楼价带动全球暴涨的原因是，他们认为大陆的SB无论多少钱都会买的，而且大陆的SB会了钱不顾一切的。。。。。至于香港自己的人的冷暖，早已麻木。洗脑的说，香港的生活水平很高，其实只不过是一切都很贵。人们认为，只要价钱高的无论是生活还是产品都是好的。。。,0
4824.4422313654995,#复旦学生联名为投毒者求情#    你将它领回家，等哪天害死你的家人，看你还会为它求情不!,0
4824.4422313654995,#复旦学生联名为投毒者求情#dfhjkvdbvnbdfjkbhfbvg,0
4824.4422313654995,#复旦学生联名为投毒者求情#不可原谅！！！！他读的这么多书就学会伤害别人？？？？,0
4824.4422313654995,#复旦学生联名为投毒者求情#太热啊v,11
4824.4422313654995,#复旦学生联名为投毒者求情# 该这么处理都是法律的问题，个人的小小要求总不能错乱法律的公正。,0
4824.4422313654995,#复旦学生联名为投毒者求情#一看这个畜牲就是一副汉奸走狗相，换在革命时期绝对也不是什么好鸟。/骷髅/猪头/便便,0
4824.4422313654995,#复旦学生联名为投毒者求情#这么讽刺？犯罪就要伏法！,0
4824.4422313654995,|| @SSAHG2652705645: #复旦学生联名为投毒者求情#,0
4824.4422313654995,sd#世界微笑日##每个人心中都有一首邓丽君##复旦学生联名为投毒者求情#【2014马年女子旺夫秘籍】1.做如水的女人撒撒娇，发发嗲，男人就没了脾气，所以如水的女人永远是一家之主。2.如水的女人，总能找…阅读文:http://url.cn/KLTfyl,0
4824.4422313654995,#复旦学生联名为投毒者求情#肯定有利益的存在！换位思考：如果你的父母姐妹被xx了，你如何去想？！,0
4824.4422313654995,dg#复旦学生联名为投毒者求情##法官判不孝儿垃圾箱过夜##大卫雕像# 【口述：婆婆装摄像头监督我们造人】以前，婆婆亲自偷溜到我们房间里来时，她没有看到我们任何事，可是，当..查看:http://url.cn/OXz32y,0
4824.4422313654995,#复旦学生联名为投毒者求情#一失足成千古恨，法不容情，一旦触犯社会底线必须付出应有的代价,0
4824.4422313654995,#复旦学生联名为投毒者求情# 人非圣贤，原谅他一次吧！,0
4824.4422313654995,#复旦学生联名为投毒者求情# 该的不该改！,0
4824.4422313654995,#复旦学生联名为投毒者求情# /鄙视我为我们的未来不齿！你们......支持被害人父亲的言词！请将心比心！,0
4824.4422313654995,大爱你妹啊 || @t1667376824: #复旦学生联名为投毒者求情#这就是大爱，谁没有糊度的时候，给他一个机会吧,0
4824.4422313654995,对的， || @xiaoyu181973: #复旦学生联名为投毒者求情#做错了事就要自己负责!!!,0
4824.4422313654995,#复旦学生联名为投毒者求情#额额   呵呵,0
4824.4422313654995,#复旦学生联名为投毒者求情#既然贪官都能死缓或无期的，我觉得也可以使用上述办法。。。。。。不是说谨杀，少杀吗？,0
4824.4422313654995,#复旦学生联名为投毒者求情#对于爱情或友情，我只相信一句话。日久见人心，留到最后的才是好的。 我会冷暖自知，更会好自为之。你呢？【用恋爱，发现爱，从此桃花朵朵开】http://url.cn/1JtFL7,0
4824.4422313654995,#复旦学生联名为投毒者求情#害人之心不可以，防人之心不可无,0
4824.4422313654995,#复旦学生联名为投毒者求情#   谁给已死的人一条生路呢？早知如此何必当初~~~,0
4824.4422313654995,#复旦学生联名为投毒者求情# 想在黑夜里一个人唱情歌，不想在孤单里一个人守着寂寞，不想在哭泣中一个人难过，不想在后悔中一个人生活，原谅我吧。,0
4824.4422313654995,#复旦学生联名为投毒者求情#自作孽不可活,1
4824.4422313654995,#复旦学生联名为投毒者求情#做错了事就要承担后果,0
4824.4422313654995,#复旦学生联名为投毒者求情#逝者已矣 生者如斯,0
4824.4422313654995,#复旦学生联名为投毒者求情#唉，都是些什么事，现在后悔来不及了，无语呀～,0
4824.4422313654995,#复旦学生联名为投毒者求情#<<<<<<<<<<<<<<,0
4824.4422313654995,#复旦学生联名为投毒者求情# 当年的朱令案呢？先讲法再讲情,0
